Dates,Yield
03.01.2005,4.2104
04.01.2005,4.2886
05.01.2005,4.2808
06.01.2005,4.2612
07.01.2005,4.269
10.01.2005,4.269
11.01.2005,4.2357
12.01.2005,4.2337
13.01.2005,4.1635
14.01.2005,4.208
17.01.2005,4.2082
18.01.2005,4.1848
19.01.2005,4.1711
20.01.2005,4.1614
21.01.2005,4.1399
24.01.2005,4.1204
25.01.2005,4.1925
26.01.2005,4.1964
27.01.2005,4.2179
28.01.2005,4.1397
31.01.2005,4.128
01.02.2005,4.1377
02.02.2005,4.1396
03.02.2005,4.163
04.02.2005,4.0753
07.02.2005,4.0501
08.02.2005,4.0153
09.02.2005,3.979
10.02.2005,4.0888
11.02.2005,4.0844
14.02.2005,4.069
15.02.2005,4.096
16.02.2005,4.1521
17.02.2005,4.1794
18.02.2005,4.2655
21.02.2005,4.2616
22.02.2005,4.2853
23.02.2005,4.2617
24.02.2005,4.2833
25.02.2005,4.2638
28.02.2005,4.3766
01.03.2005,4.3647
02.03.2005,4.3767
03.03.2005,4.3768
04.03.2005,4.3076
07.03.2005,4.3076
08.03.2005,4.3911
09.03.2005,4.5196
10.03.2005,4.4633
11.03.2005,4.5423
14.03.2005,4.508
15.03.2005,4.5445
16.03.2005,4.5062
17.03.2005,4.464
18.03.2005,4.5066
21.03.2005,4.5229
22.03.2005,4.6411
23.03.2005,4.5841
24.03.2005,4.5968
25.03.2005,4.5929
28.03.2005,4.64
29.03.2005,4.5726
30.03.2005,4.5462
31.03.2005,4.4815
01.04.2005,4.4475
04.04.2005,4.4556
05.04.2005,4.4678
06.04.2005,4.4215
07.04.2005,4.4802
08.04.2005,4.4683
11.04.2005,4.428
12.04.2005,4.3518
13.04.2005,4.3599
14.04.2005,4.308
15.04.2005,4.2406
18.04.2005,4.2704
19.04.2005,4.2109
20.04.2005,4.1853
21.04.2005,4.2945
22.04.2005,4.2449
25.04.2005,4.2469
26.04.2005,4.2649
27.04.2005,4.2232
28.04.2005,4.1442
29.04.2005,4.1976
02.05.2005,4.1858
03.05.2005,4.1641
04.05.2005,4.1859
05.05.2005,4.1543
06.05.2005,4.2576
09.05.2005,4.2816
10.05.2005,4.2
11.05.2005,4.202
12.05.2005,4.1703
13.05.2005,4.1173
16.05.2005,4.1269
17.05.2005,4.1134
18.05.2005,4.0884
19.05.2005,4.1115
20.05.2005,4.121
23.05.2005,4.0538
24.05.2005,4.0271
25.05.2005,4.0864
26.05.2005,4.0787
27.05.2005,4.0709
30.05.2005,4.069
31.05.2005,3.981
01.06.2005,3.8844
02.06.2005,3.9032
03.06.2005,3.9732
06.06.2005,3.9522
07.06.2005,3.901
08.06.2005,3.9331
09.06.2005,3.9483
10.06.2005,4.0514
13.06.2005,4.0918
14.06.2005,4.1072
15.06.2005,4.0995
16.06.2005,4.0667
17.06.2005,4.0705
20.06.2005,4.1091
21.06.2005,4.0396
22.06.2005,3.94
23.06.2005,3.9514
24.06.2005,3.917
27.06.2005,3.9017
28.06.2005,3.9703
29.06.2005,3.9779
30.06.2005,3.913
01.07.2005,4.0489
04.07.2005,4.0373
05.07.2005,4.105
06.07.2005,4.0682
07.07.2005,4.0605
08.07.2005,4.0914
11.07.2005,4.0933
12.07.2005,4.142
13.07.2005,4.1556
14.07.2005,4.1732
15.07.2005,4.1635
18.07.2005,4.2204
19.07.2005,4.1792
20.07.2005,4.1576
21.07.2005,4.2757
22.07.2005,4.2185
25.07.2005,4.2442
26.07.2005,4.2245
27.07.2005,4.2541
28.07.2005,4.1891
29.07.2005,4.276
01.08.2005,4.3099
02.08.2005,4.3338
03.08.2005,4.292
04.08.2005,4.312
05.08.2005,4.3861
08.08.2005,4.4184
09.08.2005,4.3883
10.08.2005,4.3903
11.08.2005,4.3203
12.08.2005,4.2423
15.08.2005,4.281
16.08.2005,4.2056
17.08.2005,4.2674
18.08.2005,4.1978
19.08.2005,4.2054
22.08.2005,4.2073
23.08.2005,4.1784
24.08.2005,4.1649
25.08.2005,4.1553
26.08.2005,4.186
29.08.2005,4.1667
30.08.2005,4.0899
31.08.2005,4.0137
01.09.2005,4.0307
02.09.2005,4.0362
05.09.2005,4.0285
06.09.2005,4.0953
07.09.2005,4.1375
08.09.2005,4.1452
09.09.2005,4.1181
12.09.2005,4.1701
13.09.2005,4.1258
14.09.2005,4.1643
15.09.2005,4.2107
16.09.2005,4.271
19.09.2005,4.2457
20.09.2005,4.2418
21.09.2005,4.166
22.09.2005,4.1795
23.09.2005,4.2456
26.09.2005,4.2906
27.09.2005,4.2808
28.09.2005,4.2534
29.09.2005,4.2945
30.09.2005,4.324
03.10.2005,4.3833
04.10.2005,4.3674
05.10.2005,4.3398
06.10.2005,4.3873
07.10.2005,4.354
10.10.2005,4.3557
11.10.2005,4.3914
12.10.2005,4.4392
13.10.2005,4.4612
14.10.2005,4.4793
17.10.2005,4.4934
18.10.2005,4.4694
19.10.2005,4.4594
20.10.2005,4.4295
21.10.2005,4.3837
24.10.2005,4.4436
25.10.2005,4.5341
26.10.2005,4.5827
27.10.2005,4.5463
28.10.2005,4.5648
31.10.2005,4.5506
01.11.2005,4.5629
02.11.2005,4.6036
03.11.2005,4.6465
04.11.2005,4.659
07.11.2005,4.6223
08.11.2005,4.5512
09.11.2005,4.6388
10.11.2005,4.5535
11.11.2005,4.5333
14.11.2005,4.6043
15.11.2005,4.5569
16.11.2005,4.4706
17.11.2005,4.4569
18.11.2005,4.4881
21.11.2005,4.4588
22.11.2005,4.4256
23.11.2005,4.47
24.11.2005,4.47
25.11.2005,4.4274
28.11.2005,4.404
29.11.2005,4.4743
30.11.2005,4.484
01.12.2005,4.5135
02.12.2005,4.5115
05.12.2005,4.5687
06.12.2005,4.482
07.12.2005,4.5095
08.12.2005,4.4623
09.12.2005,4.5233
12.12.2005,4.547
13.12.2005,4.5193
14.12.2005,4.4563
15.12.2005,4.4602
16.12.2005,4.4327
19.12.2005,4.4385
20.12.2005,4.4601
21.12.2005,4.4877
22.12.2005,4.4267
23.12.2005,4.372
27.12.2005,4.3366
28.12.2005,4.3737
29.12.2005,4.3541
30.12.2005,4.3911
02.01.2006,4.3911
03.01.2006,4.3637
04.01.2006,4.3422
05.01.2006,4.3519
06.01.2006,4.3733
09.01.2006,4.3654
10.01.2006,4.4243
11.01.2006,4.4518
12.01.2006,4.4026
13.01.2006,4.3534
16.01.2006,4.3534
17.01.2006,4.324
18.01.2006,4.3318
19.01.2006,4.3729
20.01.2006,4.3493
23.01.2006,4.3551
24.01.2006,4.3904
25.01.2006,4.4754
26.01.2006,4.5172
27.01.2006,4.5092
30.01.2006,4.5251
31.01.2006,4.5152
01.02.2006,4.5551
02.02.2006,4.5571
03.02.2006,4.5232
06.02.2006,4.5432
07.02.2006,4.5652
08.02.2006,4.5873
09.02.2006,4.5432
10.02.2006,4.5845
13.02.2006,4.5766
14.02.2006,4.6102
15.02.2006,4.5964
16.02.2006,4.5825
17.02.2006,4.5372
20.02.2006,4.5372
21.02.2006,4.5648
22.02.2006,4.5215
23.02.2006,4.5549
24.02.2006,4.5727
27.02.2006,4.5905
28.02.2006,4.551
01.03.2006,4.5845
02.03.2006,4.6282
03.03.2006,4.6801
06.03.2006,4.7504
07.03.2006,4.7223
08.03.2006,4.7263
09.03.2006,4.7243
10.03.2006,4.7567
13.03.2006,4.7668
14.03.2006,4.6924
15.03.2006,4.7266
16.03.2006,4.6404
17.03.2006,4.6705
20.03.2006,4.6565
21.03.2006,4.7167
22.03.2006,4.6986
23.03.2006,4.7329
24.03.2006,4.6686
27.03.2006,4.7028
28.03.2006,4.7797
29.03.2006,4.8041
30.03.2006,4.8551
31.03.2006,4.8472
03.04.2006,4.8615
04.04.2006,4.8637
05.04.2006,4.8433
06.04.2006,4.8987
07.04.2006,4.9774
10.04.2006,4.9526
11.04.2006,4.9197
12.04.2006,4.9777
13.04.2006,5.0447
14.04.2006,5.0448
17.04.2006,5.0032
18.04.2006,4.9824
19.04.2006,5.0221
20.04.2006,5.0389
21.04.2006,5.0079
24.04.2006,4.9768
25.04.2006,5.0667
26.04.2006,5.1046
27.04.2006,5.0669
28.04.2006,5.0505
01.05.2006,5.1369
02.05.2006,5.1075
03.05.2006,5.1414
04.05.2006,5.1521
05.05.2006,5.0997
08.05.2006,5.1104
09.05.2006,5.1211
10.05.2006,5.1234
11.05.2006,5.151
12.05.2006,5.1938
15.05.2006,5.1533
16.05.2006,5.0947
17.05.2006,5.1431
18.05.2006,5.0605
19.05.2006,5.0584
22.05.2006,5.0383
23.05.2006,5.0123
24.05.2006,5.0363
25.05.2006,5.0683
26.05.2006,5.0481
29.05.2006,5.0481
30.05.2006,5.0762
31.05.2006,5.1186
01.06.2006,5.0984
02.06.2006,4.9898
05.06.2006,5.0177
06.06.2006,4.9997
07.06.2006,5.0177
08.06.2006,4.9936
09.06.2006,4.9714
12.06.2006,4.9774
13.06.2006,4.9613
14.06.2006,5.0617
15.06.2006,5.094
16.06.2006,5.1264
19.06.2006,5.1345
20.06.2006,5.1487
21.06.2006,5.1528
22.06.2006,5.208
23.06.2006,5.2223
26.06.2006,5.2326
27.06.2006,5.1998
28.06.2006,5.2429
29.06.2006,5.1936
30.06.2006,5.1364
03.07.2006,5.1486
04.07.2006,5.1486
05.07.2006,5.2204
06.07.2006,5.1793
07.07.2006,5.1261
10.07.2006,5.1241
11.07.2006,5.0996
12.07.2006,5.0976
13.07.2006,5.063
14.07.2006,5.0629
17.07.2006,5.0629
18.07.2006,5.1302
19.07.2006,5.0487
20.07.2006,5.0263
21.07.2006,5.0404
24.07.2006,5.0424
25.07.2006,5.0628
26.07.2006,5.0302
27.07.2006,5.0343
28.07.2006,4.9896
31.07.2006,4.9794
01.08.2006,4.9753
02.08.2006,4.9632
03.08.2006,4.9591
04.08.2006,4.8925
07.08.2006,4.9186
08.08.2006,4.9165
09.08.2006,4.9367
10.08.2006,4.9309
11.08.2006,4.9691
14.08.2006,4.9952
15.08.2006,4.9289
16.08.2006,4.859
17.08.2006,4.863
18.08.2006,4.841
21.08.2006,4.8112
22.08.2006,4.8092
23.08.2006,4.8072
24.08.2006,4.7992
25.08.2006,4.7793
28.08.2006,4.7911
29.08.2006,4.7772
30.08.2006,4.7515
31.08.2006,4.7258
01.09.2006,4.7236
04.09.2006,4.7235
05.09.2006,4.7789
06.09.2006,4.7948
07.09.2006,4.7848
08.09.2006,4.7708
11.09.2006,4.8006
12.09.2006,4.7688
13.09.2006,4.7588
14.09.2006,4.7886
15.09.2006,4.7885
18.09.2006,4.8044
19.09.2006,4.7328
20.09.2006,4.7288
21.09.2006,4.636
22.09.2006,4.5888
25.09.2006,4.5418
26.09.2006,4.5828
27.09.2006,4.5984
28.09.2006,4.612
29.09.2006,4.6276
02.10.2006,4.6
03.10.2006,4.6137
04.10.2006,4.5587
05.10.2006,4.6037
06.10.2006,4.6943
09.10.2006,4.6942
10.10.2006,4.7518
11.10.2006,4.7778
12.10.2006,4.7698
13.10.2006,4.7977
16.10.2006,4.7757
17.10.2006,4.7656
18.10.2006,4.7536
19.10.2006,4.7816
20.10.2006,4.7855
23.10.2006,4.8277
24.10.2006,4.8196
25.10.2006,4.7614
26.10.2006,4.7174
27.10.2006,4.6715
30.10.2006,4.6694
31.10.2006,4.5981
01.11.2006,4.5645
02.11.2006,4.594
03.11.2006,4.715
06.11.2006,4.693
07.11.2006,4.6571
08.11.2006,4.6352
09.11.2006,4.6253
10.11.2006,4.5877
13.11.2006,4.6093
14.11.2006,4.5622
15.11.2006,4.6171
16.11.2006,4.6644
17.11.2006,4.5993
20.11.2006,4.5973
21.11.2006,4.5698
22.11.2006,4.558
23.11.2006,4.5579
24.11.2006,4.548
27.11.2006,4.5285
28.11.2006,4.5011
29.11.2006,4.5206
30.11.2006,4.4581
01.12.2006,4.4327
04.12.2006,4.4229
05.12.2006,4.4403
06.12.2006,4.4851
07.12.2006,4.4811
08.12.2006,4.5437
11.12.2006,4.5182
12.12.2006,4.4848
13.12.2006,4.5791
14.12.2006,4.5968
15.12.2006,4.5928
18.12.2006,4.5809
19.12.2006,4.5888
20.12.2006,4.5947
21.12.2006,4.5454
22.12.2006,4.6185
25.12.2006,4.6184
26.12.2006,4.5986
27.12.2006,4.6503
28.12.2006,4.6802
29.12.2006,4.7022
01.01.2007,4.7022
02.01.2007,4.6802
03.01.2007,4.6582
04.01.2007,4.6024
05.01.2007,4.6442
08.01.2007,4.6522
09.01.2007,4.6542
10.01.2007,4.6843
11.01.2007,4.7305
12.01.2007,4.775
15.01.2007,4.775
16.01.2007,4.7467
17.01.2007,4.7791
18.01.2007,4.7427
19.01.2007,4.7752
22.01.2007,4.759
23.01.2007,4.8077
24.01.2007,4.8077
25.01.2007,4.8731
26.01.2007,4.8733
29.01.2007,4.8897
30.01.2007,4.8693
31.01.2007,4.808
01.02.2007,4.8346
02.02.2007,4.8204
05.02.2007,4.8021
06.02.2007,4.7655
07.02.2007,4.7432
08.02.2007,4.7319
09.02.2007,4.7797
12.02.2007,4.8037
13.02.2007,4.8078
14.02.2007,4.7359
15.02.2007,4.7061
16.02.2007,4.6882
19.02.2007,4.6882
20.02.2007,4.6743
21.02.2007,4.6902
22.02.2007,4.7279
23.02.2007,4.6703
26.02.2007,4.6248
27.02.2007,4.5109
28.02.2007,4.5657
01.03.2007,4.5499
02.03.2007,4.497
05.03.2007,4.495
06.03.2007,4.5282
07.03.2007,4.4871
08.03.2007,4.5125
09.03.2007,4.5871
12.03.2007,4.5516
13.03.2007,4.4907
14.03.2007,4.5338
15.03.2007,4.5358
16.03.2007,4.5435
19.03.2007,4.5632
20.03.2007,4.5494
21.03.2007,4.5356
22.03.2007,4.5829
23.03.2007,4.6105
26.03.2007,4.6006
27.03.2007,4.5966
28.03.2007,4.6204
29.03.2007,4.6423
30.03.2007,4.6443
02.04.2007,4.6403
03.04.2007,4.6642
04.04.2007,4.6482
05.04.2007,4.6782
06.04.2007,4.7485
09.04.2007,4.7425
10.04.2007,4.7184
11.04.2007,4.7304
12.04.2007,4.7345
13.04.2007,4.7608
16.04.2007,4.7346
17.04.2007,4.6803
18.04.2007,4.6502
19.04.2007,4.6642
20.04.2007,4.6703
23.04.2007,4.6402
24.04.2007,4.6202
25.04.2007,4.6502
26.04.2007,4.6964
27.04.2007,4.6924
30.04.2007,4.6222
01.05.2007,4.6362
02.05.2007,4.6422
03.05.2007,4.6723
04.05.2007,4.6382
07.05.2007,4.6262
08.05.2007,4.6342
09.05.2007,4.6618
10.05.2007,4.6379
11.05.2007,4.6717
14.05.2007,4.6936
15.05.2007,4.7016
16.05.2007,4.7096
17.05.2007,4.7517
18.05.2007,4.8001
21.05.2007,4.782
22.05.2007,4.8245
23.05.2007,4.8468
24.05.2007,4.8387
25.05.2007,4.8572
28.05.2007,4.8573
29.05.2007,4.8818
30.05.2007,4.8675
31.05.2007,4.8879
01.06.2007,4.9516
04.06.2007,4.9271
05.06.2007,4.9908
06.06.2007,4.9641
07.06.2007,5.13
08.06.2007,5.0991
11.06.2007,5.1514
12.06.2007,5.2928
13.06.2007,5.1979
14.06.2007,5.2212
15.06.2007,5.1627
18.06.2007,5.1335
19.06.2007,5.0814
20.06.2007,5.1316
21.06.2007,5.1863
22.06.2007,5.13
25.06.2007,5.08
26.06.2007,5.078
27.06.2007,5.0802
28.06.2007,5.1033
29.06.2007,5.0244
02.07.2007,4.9892
03.07.2007,5.0372
04.07.2007,5.0373
05.07.2007,5.1402
06.07.2007,5.1824
09.07.2007,5.1382
10.07.2007,5.0212
11.07.2007,5.086
12.07.2007,5.1239
13.07.2007,5.0928
16.07.2007,5.0385
17.07.2007,5.0491
18.07.2007,5.0283
19.07.2007,5.0159
20.07.2007,4.9497
23.07.2007,4.9477
24.07.2007,4.9085
25.07.2007,4.8983
26.07.2007,4.7854
27.07.2007,4.757
30.07.2007,4.802
31.07.2007,4.7388
01.08.2007,4.7919
02.08.2007,4.7654
03.08.2007,4.6842
06.08.2007,4.7371
07.08.2007,4.7677
08.08.2007,4.8767
09.08.2007,4.7678
10.08.2007,4.8076
13.08.2007,4.7599
14.08.2007,4.7243
15.08.2007,4.7243
16.08.2007,4.6572
17.08.2007,4.6847
20.08.2007,4.6257
21.08.2007,4.5904
22.08.2007,4.6452
23.08.2007,4.6452
24.08.2007,4.6156
27.08.2007,4.5627
28.08.2007,4.5062
29.08.2007,4.5587
30.08.2007,4.5061
31.08.2007,4.5292
03.09.2007,4.5291
04.09.2007,4.5466
05.09.2007,4.4669
06.09.2007,4.5076
07.09.2007,4.3816
10.09.2007,4.322
11.09.2007,4.3679
12.09.2007,4.4102
13.09.2007,4.4643
14.09.2007,4.4544
17.09.2007,4.466
18.09.2007,4.4717
19.09.2007,4.5458
20.09.2007,4.6957
21.09.2007,4.6203
24.09.2007,4.6282
25.09.2007,4.6242
26.09.2007,4.6202
27.09.2007,4.5631
28.09.2007,4.5865
01.10.2007,4.5452
02.10.2007,4.5216
03.10.2007,4.5588
04.10.2007,4.5097
05.10.2007,4.6356
08.10.2007,4.6356
09.10.2007,4.6475
10.10.2007,4.6495
11.10.2007,4.6355
12.10.2007,4.6812
15.10.2007,4.6772
16.10.2007,4.6473
17.10.2007,4.5522
18.10.2007,4.4893
19.10.2007,4.3915
22.10.2007,4.4108
23.10.2007,4.403
24.10.2007,4.3388
25.10.2007,4.3775
26.10.2007,4.4006
29.10.2007,4.3811
30.10.2007,4.379
31.10.2007,4.4708
01.11.2007,4.3458
02.11.2007,4.3165
05.11.2007,4.3338
06.11.2007,4.3726
07.11.2007,4.3084
08.11.2007,4.2829
09.11.2007,4.2133
12.11.2007,4.2133
13.11.2007,4.2635
14.11.2007,4.25
15.11.2007,4.1403
16.11.2007,4.167
19.11.2007,4.0714
20.11.2007,4.0961
21.11.2007,4.0067
22.11.2007,4.0065
23.11.2007,3.9989
26.11.2007,3.8391
27.11.2007,3.9477
28.11.2007,4.0347
29.11.2007,3.9344
30.11.2007,3.9379
03.12.2007,3.8459
04.12.2007,3.8926
05.12.2007,3.9547
06.12.2007,4.0076
07.12.2007,4.1048
10.12.2007,4.1567
11.12.2007,3.9694
12.12.2007,4.0893
13.12.2007,4.2011
14.12.2007,4.234
17.12.2007,4.1449
18.12.2007,4.1179
19.12.2007,4.0278
20.12.2007,4.0507
21.12.2007,4.1679
24.12.2007,4.2125
25.12.2007,4.2125
26.12.2007,4.2749
27.12.2007,4.1969
28.12.2007,4.0732
31.12.2007,4.0232
01.01.2008,4.0231
02.01.2008,3.9033
03.01.2008,3.8918
04.01.2008,3.8651
07.01.2008,3.8311
08.01.2008,3.7822
09.01.2008,3.8215
10.01.2008,3.8837
11.01.2008,3.7835
14.01.2008,3.7647
15.01.2008,3.6751
16.01.2008,3.7345
17.01.2008,3.6211
18.01.2008,3.6297
21.01.2008,3.6296
22.01.2008,3.4332
23.01.2008,3.598
24.01.2008,3.7018
25.01.2008,3.5494
28.01.2008,3.5806
29.01.2008,3.6769
30.01.2008,3.6656
31.01.2008,3.5931
01.02.2008,3.5926
04.02.2008,3.6444
05.02.2008,3.5701
06.02.2008,3.5885
07.02.2008,3.7569
08.02.2008,3.6428
11.02.2008,3.6144
12.02.2008,3.6579
13.02.2008,3.7282
14.02.2008,3.8163
15.02.2008,3.7686
18.02.2008,3.7686
19.02.2008,3.8959
20.02.2008,3.8902
21.02.2008,3.7706
22.02.2008,3.8016
25.02.2008,3.8964
26.02.2008,3.8596
27.02.2008,3.8481
28.02.2008,3.6697
29.02.2008,3.5092
03.03.2008,3.5468
04.03.2008,3.6242
05.03.2008,3.668
06.03.2008,3.5826
07.03.2008,3.5317
10.03.2008,3.4549
11.03.2008,3.5921
12.03.2008,3.4604
13.03.2008,3.5261
14.03.2008,3.4679
17.03.2008,3.3061
18.03.2008,3.4828
19.03.2008,3.3282
20.03.2008,3.3336
21.03.2008,3.3335
24.03.2008,3.5563
25.03.2008,3.5053
26.03.2008,3.4602
27.03.2008,3.528
28.03.2008,3.4414
31.03.2008,3.4096
01.04.2008,3.5583
02.04.2008,3.5963
03.04.2008,3.5773
04.04.2008,3.4657
07.04.2008,3.5356
08.04.2008,3.5564
09.04.2008,3.4807
10.04.2008,3.5394
11.04.2008,3.4694
14.04.2008,3.5109
15.04.2008,3.6003
16.04.2008,3.6886
17.04.2008,3.7273
18.04.2008,3.7061
21.04.2008,3.7255
22.04.2008,3.6908
23.04.2008,3.7314
24.04.2008,3.8249
25.04.2008,3.8703
28.04.2008,3.8252
29.04.2008,3.8194
30.04.2008,3.7279
01.05.2008,3.763
02.05.2008,3.8551
05.05.2008,3.867
06.05.2008,3.9164
07.05.2008,3.8475
08.05.2008,3.7748
09.05.2008,3.7692
12.05.2008,3.7974
13.05.2008,3.9131
14.05.2008,3.9112
15.05.2008,3.8144
16.05.2008,3.8446
19.05.2008,3.8294
20.05.2008,3.7746
21.05.2008,3.8067
22.05.2008,3.9111
23.05.2008,3.8425
26.05.2008,3.8425
27.05.2008,3.9188
28.05.2008,4.0033
29.05.2008,4.075
30.05.2008,4.0595
02.06.2008,3.9571
03.06.2008,3.8939
04.06.2008,3.9764
05.06.2008,4.0383
06.06.2008,3.9092
09.06.2008,3.9977
10.06.2008,4.1027
11.06.2008,4.0735
12.06.2008,4.2108
13.06.2008,4.2565
16.06.2008,4.2666
17.06.2008,4.1973
18.06.2008,4.1363
19.06.2008,4.2073
20.06.2008,4.1641
23.06.2008,4.1641
24.06.2008,4.0818
25.06.2008,4.0994
26.06.2008,4.033
27.06.2008,3.9652
30.06.2008,3.969
01.07.2008,4.0021
02.07.2008,3.9575
03.07.2008,3.975
04.07.2008,3.975
07.07.2008,3.8995
08.07.2008,3.8822
09.07.2008,3.8112
10.07.2008,3.7959
11.07.2008,3.9576
14.07.2008,3.8553
15.07.2008,3.8188
16.07.2008,3.9344
17.07.2008,3.9907
18.07.2008,4.0828
21.07.2008,4.0417
22.07.2008,4.0987
23.07.2008,4.1165
24.07.2008,3.9968
25.07.2008,4.0969
28.07.2008,4.0008
29.07.2008,4.038
30.07.2008,4.0439
31.07.2008,3.9462
01.08.2008,3.9307
04.08.2008,3.9619
05.08.2008,4.0167
06.08.2008,4.0501
07.08.2008,3.92
08.08.2008,3.9276
11.08.2008,3.9904
12.08.2008,3.8954
13.08.2008,3.9314
14.08.2008,3.886
15.08.2008,3.8349
18.08.2008,3.8104
19.08.2008,3.8292
20.08.2008,3.8009
21.08.2008,3.8291
22.08.2008,3.8704
25.08.2008,3.7837
26.08.2008,3.7743
27.08.2008,3.763
28.08.2008,3.7779
29.08.2008,3.8116
01.09.2008,3.8115
02.09.2008,3.7326
03.09.2008,3.699
04.09.2008,3.6227
05.09.2008,3.6986
08.09.2008,3.6743
09.09.2008,3.5668
10.09.2008,3.6295
11.09.2008,3.6425
12.09.2008,3.7187
15.09.2008,3.3868
16.09.2008,3.4357
17.09.2008,3.4137
18.09.2008,3.5437
19.09.2008,3.8105
22.09.2008,3.8351
23.09.2008,3.7991
24.09.2008,3.8104
25.09.2008,3.854
26.09.2008,3.852
29.09.2008,3.5776
30.09.2008,3.8234
01.10.2008,3.7382
02.10.2008,3.6276
03.10.2008,3.6031
06.10.2008,3.4532
07.10.2008,3.5028
08.10.2008,3.6401
09.10.2008,3.785
10.10.2008,3.8705
13.10.2008,3.978
14.10.2008,4.0772
15.10.2008,3.9453
16.10.2008,3.9569
17.10.2008,3.9299
20.10.2008,3.8416
21.10.2008,3.7388
22.10.2008,3.594
23.10.2008,3.6745
24.10.2008,3.6856
27.10.2008,3.6874
28.10.2008,3.8336
29.10.2008,3.8546
30.10.2008,3.9645
31.10.2008,3.953
03.11.2008,3.9141
04.11.2008,3.7247
05.11.2008,3.7019
06.11.2008,3.6886
07.11.2008,3.7929
10.11.2008,3.7432
11.11.2008,3.7432
12.11.2008,3.6466
13.11.2008,3.8525
14.11.2008,3.7349
17.11.2008,3.6484
18.11.2008,3.5293
19.11.2008,3.3205
20.11.2008,3.0131
21.11.2008,3.1974
24.11.2008,3.3236
25.11.2008,3.1078
26.11.2008,2.9784
27.11.2008,2.9778
28.11.2008,2.92
01.12.2008,2.7309
02.12.2008,2.6724
03.12.2008,2.6585
04.12.2008,2.5513
05.12.2008,2.7037
08.12.2008,2.7378
09.12.2008,2.6399
10.12.2008,2.6824
11.12.2008,2.6019
12.12.2008,2.5705
15.12.2008,2.5127
16.12.2008,2.2558
17.12.2008,2.1915
18.12.2008,2.0788
19.12.2008,2.1231
22.12.2008,2.17
23.12.2008,2.1729
24.12.2008,2.182
25.12.2008,2.1809
26.12.2008,2.1318
29.12.2008,2.0989
30.12.2008,2.053
31.12.2008,2.2123
01.01.2009,2.2123
02.01.2009,2.3688
05.01.2009,2.4812
06.01.2009,2.4454
07.01.2009,2.4942
08.01.2009,2.4398
09.01.2009,2.39
12.01.2009,2.3044
13.01.2009,2.2924
14.01.2009,2.1993
15.01.2009,2.2055
16.01.2009,2.3188
19.01.2009,2.3184
20.01.2009,2.3771
21.01.2009,2.536
22.01.2009,2.5922
23.01.2009,2.6172
26.01.2009,2.6411
27.01.2009,2.5274
28.01.2009,2.6665
29.01.2009,2.8586
30.01.2009,2.8403
02.02.2009,2.7226
03.02.2009,2.884
04.02.2009,2.9353
05.02.2009,2.912
06.02.2009,2.9917
09.02.2009,2.9844
10.02.2009,2.8136
11.02.2009,2.7537
12.02.2009,2.7824
13.02.2009,2.8894
16.02.2009,2.8895
17.02.2009,2.648
18.02.2009,2.7554
19.02.2009,2.8531
20.02.2009,2.7879
23.02.2009,2.7536
24.02.2009,2.7951
25.02.2009,2.9263
26.02.2009,2.9908
27.02.2009,3.0131
02.03.2009,2.8624
03.03.2009,2.8771
04.03.2009,2.9745
05.03.2009,2.8115
06.03.2009,2.8717
09.03.2009,2.8589
10.03.2009,3.0044
11.03.2009,2.9048
12.03.2009,2.8535
13.03.2009,2.8902
16.03.2009,2.9529
17.03.2009,3.0066
18.03.2009,2.533
19.03.2009,2.6023
20.03.2009,2.6344
23.03.2009,2.6523
24.03.2009,2.701
25.03.2009,2.7844
26.03.2009,2.7389
27.03.2009,2.7571
30.03.2009,2.7117
31.03.2009,2.6629
01.04.2009,2.6539
02.04.2009,2.7662
03.04.2009,2.8853
06.04.2009,2.9223
07.04.2009,2.8965
08.04.2009,2.8559
09.04.2009,2.9207
10.04.2009,2.9226
13.04.2009,2.8579
14.04.2009,2.7845
15.04.2009,2.7644
16.04.2009,2.8303
17.04.2009,2.9451
20.04.2009,2.8359
21.04.2009,2.8969
22.04.2009,2.9397
23.04.2009,2.9193
24.04.2009,2.9903
27.04.2009,2.9083
28.04.2009,3.0073
29.04.2009,3.1073
30.04.2009,3.1187
01.05.2009,3.1533
04.05.2009,3.1514
05.05.2009,3.1592
06.05.2009,3.1612
07.05.2009,3.3341
08.05.2009,3.2856
11.05.2009,3.1654
12.05.2009,3.1727
13.05.2009,3.1195
14.05.2009,3.0884
15.05.2009,3.1341
18.05.2009,3.23
19.05.2009,3.243
20.05.2009,3.1912
21.05.2009,3.3644
22.05.2009,3.4495
25.05.2009,3.4496
26.05.2009,3.5467
27.05.2009,3.7381
28.05.2009,3.6122
29.05.2009,3.4594
01.06.2009,3.6726
02.06.2009,3.6127
03.06.2009,3.5398
04.06.2009,3.7099
05.06.2009,3.8279
08.06.2009,3.8736
09.06.2009,3.8559
10.06.2009,3.9455
11.06.2009,3.8543
12.06.2009,3.7916
15.06.2009,3.7113
16.06.2009,3.6588
17.06.2009,3.6882
18.06.2009,3.8277
19.06.2009,3.7808
22.06.2009,3.681
23.06.2009,3.6208
24.06.2009,3.6851
25.06.2009,3.5398
26.06.2009,3.5363
29.06.2009,3.4768
30.06.2009,3.5326
01.07.2009,3.5365
02.07.2009,3.4946
03.07.2009,3.4985
06.07.2009,3.5063
07.07.2009,3.4544
08.07.2009,3.3081
09.07.2009,3.403
10.07.2009,3.3026
13.07.2009,3.35
14.07.2009,3.4703
15.07.2009,3.6038
16.07.2009,3.5689
17.07.2009,3.6433
20.07.2009,3.6063
21.07.2009,3.4824
22.07.2009,3.5443
23.07.2009,3.6555
24.07.2009,3.6578
27.07.2009,3.7189
28.07.2009,3.6856
29.07.2009,3.6582
30.07.2009,3.6074
31.07.2009,3.4796
03.08.2009,3.6333
04.08.2009,3.6845
05.08.2009,3.7459
06.08.2009,3.7501
07.08.2009,3.8502
10.08.2009,3.7765
11.08.2009,3.6677
12.08.2009,3.7172
13.08.2009,3.595
14.08.2009,3.5688
17.08.2009,3.4684
18.08.2009,3.5092
19.08.2009,3.4517
20.08.2009,3.4313
21.08.2009,3.5649
24.08.2009,3.4755
25.08.2009,3.4348
26.08.2009,3.4329
27.08.2009,3.4531
28.08.2009,3.4456
31.08.2009,3.3975
01.09.2009,3.3625
02.09.2009,3.3056
03.09.2009,3.344
04.09.2009,3.4378
07.09.2009,3.4415
08.09.2009,3.4823
09.09.2009,3.4711
10.09.2009,3.3472
11.09.2009,3.347
14.09.2009,3.4208
15.09.2009,3.4541
16.09.2009,3.469
17.09.2009,3.3836
18.09.2009,3.4632
21.09.2009,3.4799
22.09.2009,3.4445
23.09.2009,3.4184
24.09.2009,3.3813
25.09.2009,3.3184
28.09.2009,3.2797
29.09.2009,3.2906
30.09.2009,3.3053
01.10.2009,3.179
02.10.2009,3.2188
05.10.2009,3.2205
06.10.2009,3.2552
07.10.2009,3.182
08.10.2009,3.2477
09.10.2009,3.3802
12.10.2009,3.3783
13.10.2009,3.3468
14.10.2009,3.4136
15.10.2009,3.4565
16.10.2009,3.4115
19.10.2009,3.3891
20.10.2009,3.3407
21.10.2009,3.3853
22.10.2009,3.4132
23.10.2009,3.49
26.10.2009,3.5542
27.10.2009,3.4448
28.10.2009,3.4148
29.10.2009,3.4974
30.10.2009,3.3828
02.11.2009,3.4145
03.11.2009,3.4652
04.11.2009,3.5237
05.11.2009,3.5236
06.11.2009,3.4971
09.11.2009,3.4857
10.11.2009,3.4724
11.11.2009,3.4831
12.11.2009,3.4438
13.11.2009,3.4177
16.11.2009,3.3343
17.11.2009,3.3232
18.11.2009,3.3638
19.11.2009,3.3361
20.11.2009,3.3656
23.11.2009,3.3489
24.11.2009,3.3027
25.11.2009,3.2695
26.11.2009,3.2694
27.11.2009,3.2051
30.11.2009,3.1978
01.12.2009,3.2822
02.12.2009,3.3099
03.12.2009,3.3842
04.12.2009,3.4722
07.12.2009,3.429
08.12.2009,3.3804
09.12.2009,3.4328
10.12.2009,3.4967
11.12.2009,3.5498
14.12.2009,3.548
15.12.2009,3.5861
16.12.2009,3.5975
17.12.2009,3.478
18.12.2009,3.5368
21.12.2009,3.6745
22.12.2009,3.7538
23.12.2009,3.7481
24.12.2009,3.8029
25.12.2009,3.803
28.12.2009,3.8402
29.12.2009,3.7972
30.12.2009,3.7856
31.12.2009,3.8368
01.01.2010,3.835
04.01.2010,3.8155
05.01.2010,3.7608
06.01.2010,3.8215
07.01.2010,3.8235
08.01.2010,3.8297
11.01.2010,3.818
12.01.2010,3.7108
13.01.2010,3.7908
14.01.2010,3.7382
15.01.2010,3.6744
18.01.2010,3.6745
19.01.2010,3.6919
20.01.2010,3.6474
21.01.2010,3.5858
22.01.2010,3.6071
25.01.2010,3.6265
26.01.2010,3.6188
27.01.2010,3.6479
28.01.2010,3.6344
29.01.2010,3.5844
01.02.2010,3.6501
02.02.2010,3.6405
03.02.2010,3.7047
04.02.2010,3.6058
05.02.2010,3.5654
08.02.2010,3.5597
09.02.2010,3.6448
10.02.2010,3.6897
11.02.2010,3.7155
12.02.2010,3.6928
15.02.2010,3.6909
16.02.2010,3.6569
17.02.2010,3.7307
18.02.2010,3.8012
19.02.2010,3.7726
22.02.2010,3.7955
23.02.2010,3.6834
24.02.2010,3.6909
25.02.2010,3.6324
26.02.2010,3.6117
01.03.2010,3.6079
02.03.2010,3.6041
03.03.2010,3.6173
04.03.2010,3.6022
05.03.2010,3.6796
08.03.2010,3.7157
09.03.2010,3.7005
10.03.2010,3.7215
11.03.2010,3.7272
12.03.2010,3.7006
15.03.2010,3.6949
16.03.2010,3.6493
17.03.2010,3.6361
18.03.2010,3.6759
19.03.2010,3.6892
22.03.2010,3.6588
23.03.2010,3.6854
24.03.2010,3.8524
25.03.2010,3.8777
26.03.2010,3.8468
29.03.2010,3.8643
30.03.2010,3.8566
31.03.2010,3.8257
01.04.2010,3.8685
02.04.2010,3.9446
05.04.2010,3.9859
06.04.2010,3.9505
07.04.2010,3.8531
08.04.2010,3.8901
09.04.2010,3.8825
12.04.2010,3.8417
13.04.2010,3.8204
14.04.2010,3.8593
15.04.2010,3.8321
16.04.2010,3.7626
19.04.2010,3.7974
20.04.2010,3.7993
21.04.2010,3.7356
22.04.2010,3.7723
23.04.2010,3.8092
26.04.2010,3.8054
27.04.2010,3.6877
28.04.2010,3.7628
29.04.2010,3.7243
30.04.2010,3.6532
03.05.2010,3.682
04.05.2010,3.5902
05.05.2010,3.5388
06.05.2010,3.3938
07.05.2010,3.4255
10.05.2010,3.5406
11.05.2010,3.5235
12.05.2010,3.571
13.05.2010,3.5261
14.05.2010,3.4534
17.05.2010,3.4869
18.05.2010,3.3462
19.05.2010,3.3682
20.05.2010,3.2126
21.05.2010,3.2379
24.05.2010,3.1942
25.05.2010,3.1578
26.05.2010,3.1886
27.05.2010,3.3605
28.05.2010,3.2922
31.05.2010,3.2848
01.06.2010,3.2591
02.06.2010,3.34
03.06.2010,3.3639
04.06.2010,3.2023
07.06.2010,3.1422
08.06.2010,3.1857
09.06.2010,3.1729
10.06.2010,3.3193
11.06.2010,3.2346
14.06.2010,3.2529
15.06.2010,3.3025
16.06.2010,3.2601
17.06.2010,3.1887
18.06.2010,3.2195
21.06.2010,3.2414
22.06.2010,3.1664
23.06.2010,3.119
24.06.2010,3.1371
25.06.2010,3.1078
28.06.2010,3.021
29.06.2010,2.9491
30.06.2010,2.9311
01.07.2010,2.947
02.07.2010,2.977
05.07.2010,2.9733
06.07.2010,2.9302
07.07.2010,2.9803
08.07.2010,3.0306
09.07.2010,3.052
12.07.2010,3.0628
13.07.2010,3.1208
14.07.2010,3.0426
15.07.2010,2.9937
16.07.2010,2.9215
19.07.2010,2.9537
20.07.2010,2.9481
21.07.2010,2.8782
22.07.2010,2.9353
23.07.2010,2.9943
26.07.2010,2.9924
27.07.2010,3.0485
28.07.2010,2.985
29.07.2010,2.9794
30.07.2010,2.9052
02.08.2010,2.9609
03.08.2010,2.9085
04.08.2010,2.9498
05.08.2010,2.9011
06.08.2010,2.8166
09.08.2010,2.8289
10.08.2010,2.7593
11.08.2010,2.6814
12.08.2010,2.7455
13.08.2010,2.6716
16.08.2010,2.5626
17.08.2010,2.6321
18.08.2010,2.6321
19.08.2010,2.575
20.08.2010,2.6106
23.08.2010,2.5981
24.08.2010,2.488
25.08.2010,2.534
26.08.2010,2.4755
27.08.2010,2.6447
30.08.2010,2.5285
31.08.2010,2.4683
01.09.2010,2.573
02.09.2010,2.6231
03.09.2010,2.697
06.09.2010,2.7025
07.09.2010,2.5944
08.09.2010,2.6555
09.09.2010,2.7588
10.09.2010,2.7917
13.09.2010,2.748
14.09.2010,2.679
15.09.2010,2.7207
16.09.2010,2.7608
17.09.2010,2.7372
20.09.2010,2.7026
21.09.2010,2.5727
22.09.2010,2.5583
23.09.2010,2.5511
24.09.2010,2.605
27.09.2010,2.5242
28.09.2010,2.4653
29.09.2010,2.5027
30.09.2010,2.5098
01.10.2010,2.5097
04.10.2010,2.4758
05.10.2010,2.4722
06.10.2010,2.3976
07.10.2010,2.3834
08.10.2010,2.392
11.10.2010,2.3919
12.10.2010,2.4309
13.10.2010,2.422
14.10.2010,2.5076
15.10.2010,2.5597
18.10.2010,2.5075
19.10.2010,2.4752
20.10.2010,2.4788
21.10.2010,2.5452
22.10.2010,2.5541
25.10.2010,2.5613
26.10.2010,2.6393
27.10.2010,2.7198
28.10.2010,2.6576
29.10.2010,2.5993
01.11.2010,2.6229
02.11.2010,2.5866
03.11.2010,2.5702
04.11.2010,2.489
05.11.2010,2.5304
08.11.2010,2.5502
09.11.2010,2.6558
10.11.2010,2.6286
11.11.2010,2.6447
12.11.2010,2.7871
15.11.2010,2.9593
16.11.2010,2.84
17.11.2010,2.8766
18.11.2010,2.895
19.11.2010,2.8713
22.11.2010,2.8019
23.11.2010,2.7729
24.11.2010,2.912
25.11.2010,2.9085
26.11.2010,2.8663
29.11.2010,2.8205
30.11.2010,2.7968
01.12.2010,2.9642
02.12.2010,2.9885
03.12.2010,3.0055
06.12.2010,2.9201
07.12.2010,3.1257
08.12.2010,3.2723
09.12.2010,3.2037
10.12.2010,3.319
13.12.2010,3.275
14.12.2010,3.4727
15.12.2010,3.5318
16.12.2010,3.4224
17.12.2010,3.3279
20.12.2010,3.3358
21.12.2010,3.3031
22.12.2010,3.3458
23.12.2010,3.3892
24.12.2010,3.3933
27.12.2010,3.3294
28.12.2010,3.4795
29.12.2010,3.3489
30.12.2010,3.3646
31.12.2010,3.2935
03.01.2011,3.3324
04.01.2011,3.3287
05.01.2011,3.4654
06.01.2011,3.3932
07.01.2011,3.3237
10.01.2011,3.2832
11.01.2011,3.3396
12.01.2011,3.365
13.01.2011,3.2972
14.01.2011,3.3231
17.01.2011,3.3291
18.01.2011,3.3663
19.01.2011,3.339
20.01.2011,3.4488
21.01.2011,3.4042
24.01.2011,3.4044
25.01.2011,3.3284
26.01.2011,3.4146
27.01.2011,3.3873
28.01.2011,3.3214
31.01.2011,3.3704
01.02.2011,3.4394
02.02.2011,3.4771
03.02.2011,3.5488
04.02.2011,3.6356
07.02.2011,3.6299
08.02.2011,3.7373
09.02.2011,3.6465
10.02.2011,3.6928
11.02.2011,3.6288
14.02.2011,3.6194
15.02.2011,3.6044
16.02.2011,3.6193
17.02.2011,3.5725
18.02.2011,3.5799
21.02.2011,3.5874
22.02.2011,3.4533
23.02.2011,3.4848
24.02.2011,3.4477
25.02.2011,3.4125
28.02.2011,3.4272
01.03.2011,3.3921
02.03.2011,3.4697
03.03.2011,3.5554
04.03.2011,3.49
07.03.2011,3.5123
08.03.2011,3.5477
09.03.2011,3.4675
10.03.2011,3.3584
11.03.2011,3.4025
14.03.2011,3.3563
15.03.2011,3.303
16.03.2011,3.17
17.03.2011,3.255
18.03.2011,3.2678
21.03.2011,3.3282
22.03.2011,3.3263
23.03.2011,3.3501
24.03.2011,3.4037
25.03.2011,3.4388
28.03.2011,3.4313
29.03.2011,3.4872
30.03.2011,3.4349
31.03.2011,3.4703
01.04.2011,3.4422
04.04.2011,3.4179
05.04.2011,3.4795
06.04.2011,3.5452
07.04.2011,3.5451
08.04.2011,3.5772
11.04.2011,3.5847
12.04.2011,3.4904
13.04.2011,3.4585
14.04.2011,3.4979
15.04.2011,3.4079
18.04.2011,3.3743
19.04.2011,3.3631
20.04.2011,3.4077
21.04.2011,3.3963
22.04.2011,3.3907
25.04.2011,3.3627
26.04.2011,3.307
27.04.2011,3.3552
28.04.2011,3.3106
29.04.2011,3.2863
02.05.2011,3.2788
03.05.2011,3.2473
04.05.2011,3.2159
05.05.2011,3.1499
06.05.2011,3.1459
09.05.2011,3.1604
10.05.2011,3.2135
11.05.2011,3.1593
12.05.2011,3.2225
13.05.2011,3.1709
16.05.2011,3.147
17.05.2011,3.1158
18.05.2011,3.1801
19.05.2011,3.1709
20.05.2011,3.1451
23.05.2011,3.1286
24.05.2011,3.1139
25.05.2011,3.1304
26.05.2011,3.0572
27.05.2011,3.0735
30.05.2011,3.0735
31.05.2011,3.0607
01.06.2011,2.9408
02.06.2011,3.0297
03.06.2011,2.9859
06.06.2011,2.995
07.06.2011,2.9949
08.06.2011,2.9387
09.06.2011,2.9967
10.06.2011,2.9693
13.06.2011,2.9838
14.06.2011,3.0972
15.06.2011,2.9692
16.06.2011,2.9274
17.06.2011,2.9445
20.06.2011,2.958
21.06.2011,2.9835
22.06.2011,2.9825
23.06.2011,2.9116
24.06.2011,2.8636
27.06.2011,2.9305
28.06.2011,3.0308
29.06.2011,3.1118
30.06.2011,3.16
01.07.2011,3.1823
04.07.2011,3.1823
05.07.2011,3.121
06.07.2011,3.108
07.07.2011,3.1377
08.07.2011,3.0268
11.07.2011,2.9189
12.07.2011,2.877
13.07.2011,2.8824
14.07.2011,2.9534
15.07.2011,2.9058
18.07.2011,2.9276
19.07.2011,2.8802
20.07.2011,2.9275
21.07.2011,3.0136
22.07.2011,2.9621
25.07.2011,3.0006
26.07.2011,2.9529
27.07.2011,2.9803
28.07.2011,2.9454
29.07.2011,2.7961
01.08.2011,2.7437
02.08.2011,2.6114
03.08.2011,2.6202
04.08.2011,2.4028
05.08.2011,2.5585
08.08.2011,2.3179
09.08.2011,2.2488
10.08.2011,2.1061
11.08.2011,2.3399
12.08.2011,2.2548
15.08.2011,2.3053
16.08.2011,2.2196
17.08.2011,2.1652
18.08.2011,2.0624
19.08.2011,2.0623
22.08.2011,2.1058
23.08.2011,2.153
24.08.2011,2.2994
25.08.2011,2.2286
26.08.2011,2.1899
29.08.2011,2.2561
30.08.2011,2.1767
31.08.2011,2.2234
01.09.2011,2.1302
02.09.2011,1.9857
05.09.2011,1.9857
06.09.2011,1.984
07.09.2011,2.0429
08.09.2011,1.9787
09.09.2011,1.9183
12.09.2011,1.9475
13.09.2011,1.9906
14.09.2011,1.9837
15.09.2011,2.082
16.09.2011,2.0479
19.09.2011,1.9506
20.09.2011,1.9385
21.09.2011,1.8576
22.09.2011,1.718
23.09.2011,1.8334
26.09.2011,1.9002
27.09.2011,1.9711
28.09.2011,1.9797
29.09.2011,1.9962
30.09.2011,1.9154
03.10.2011,1.756
04.10.2011,1.8207
05.10.2011,1.8877
06.10.2011,1.9872
07.10.2011,2.0764
10.10.2011,2.0764
11.10.2011,2.1496
12.10.2011,2.2101
13.10.2011,2.1834
14.10.2011,2.2477
17.10.2011,2.155
18.10.2011,2.1763
19.10.2011,2.1603
20.10.2011,2.1888
21.10.2011,2.2192
24.10.2011,2.2336
25.10.2011,2.1089
26.10.2011,2.2041
27.10.2011,2.3964
28.10.2011,2.3167
31.10.2011,2.1133
01.11.2011,1.9889
02.11.2011,1.9854
03.11.2011,2.0734
04.11.2011,2.0327
07.11.2011,2.0371
08.11.2011,2.0769
09.11.2011,1.9615
10.11.2011,2.0564
11.11.2011,2.0564
14.11.2011,2.0556
15.11.2011,2.0451
16.11.2011,2
17.11.2011,1.9602
18.11.2011,2.0104
21.11.2011,1.955
22.11.2011,1.917
23.11.2011,1.8835
24.11.2011,1.8835
25.11.2011,1.9635
28.11.2011,1.9739
29.11.2011,1.9913
30.11.2011,2.068
01.12.2011,2.0873
02.12.2011,2.0331
05.12.2011,2.0436
06.12.2011,2.0891
07.12.2011,2.0296
08.12.2011,1.9704
09.12.2011,2.0611
12.12.2011,2.0121
13.12.2011,1.9651
14.12.2011,1.9027
15.12.2011,1.9079
16.12.2011,1.8474
19.12.2011,1.8096
20.12.2011,1.9233
21.12.2011,1.9668
22.12.2011,1.9476
23.12.2011,2.0244
26.12.2011,2.0244
27.12.2011,2.0052
28.12.2011,1.9162
29.12.2011,1.8988
30.12.2011,1.8762
02.01.2012,1.8762
03.01.2012,1.9474
04.01.2012,1.9771
05.01.2012,1.9946
06.01.2012,1.9578
09.01.2012,1.9578
10.01.2012,1.9683
11.01.2012,1.9037
12.01.2012,1.9228
13.01.2012,1.8636
16.01.2012,1.8636
17.01.2012,1.8566
18.01.2012,1.8983
19.01.2012,1.977
20.01.2012,2.0246
23.01.2012,2.0511
24.01.2012,2.06
25.01.2012,1.9946
26.01.2012,1.9313
27.01.2012,1.891
30.01.2012,1.8439
31.01.2012,1.7971
01.02.2012,1.8265
02.02.2012,1.8212
03.02.2012,1.9224
06.02.2012,1.9066
07.02.2012,1.9734
08.02.2012,1.9822
09.02.2012,2.0364
10.02.2012,1.9862
13.02.2012,1.9741
14.02.2012,1.9361
15.02.2012,1.9275
16.02.2012,1.9827
17.02.2012,2.0017
20.02.2012,2.0017
21.02.2012,2.0591
22.02.2012,2.0034
23.02.2012,1.9965
24.02.2012,1.9757
27.02.2012,1.9255
28.02.2012,1.9428
29.02.2012,1.9705
01.03.2012,2.0261
02.03.2012,1.9739
05.03.2012,2.0104
06.03.2012,1.9427
07.03.2012,1.9756
08.03.2012,2.0121
09.03.2012,2.0279
12.03.2012,2.0331
13.03.2012,2.1263
14.03.2012,2.2686
15.03.2012,2.2794
16.03.2012,2.294
19.03.2012,2.3772
20.03.2012,2.3591
21.03.2012,2.296
22.03.2012,2.2781
23.03.2012,2.2317
26.03.2012,2.2479
27.03.2012,2.1836
28.03.2012,2.1997
29.03.2012,2.1587
30.03.2012,2.2088
02.04.2012,2.182
03.04.2012,2.2988
04.04.2012,2.2233
05.04.2012,2.1805
06.04.2012,2.0545
09.04.2012,2.0474
10.04.2012,1.9823
11.04.2012,2.0351
12.04.2012,2.051
13.04.2012,1.9823
16.04.2012,1.9805
17.04.2012,1.9981
18.04.2012,1.9753
19.04.2012,1.9665
20.04.2012,1.9629
23.04.2012,1.9349
24.04.2012,1.9735
25.04.2012,1.984
26.04.2012,1.9383
27.04.2012,1.9348
30.04.2012,1.9137
01.05.2012,1.9435
02.05.2012,1.9277
03.05.2012,1.9312
04.05.2012,1.8786
07.05.2012,1.8716
08.05.2012,1.8402
09.05.2012,1.8227
10.05.2012,1.867
11.05.2012,1.8376
14.05.2012,1.7637
15.05.2012,1.7671
16.05.2012,1.7603
17.05.2012,1.6971
18.05.2012,1.7226
21.05.2012,1.7414
22.05.2012,1.7688
23.05.2012,1.7346
24.05.2012,1.7774
25.05.2012,1.738
28.05.2012,1.738
29.05.2012,1.7448
30.05.2012,1.622
31.05.2012,1.5578
01.06.2012,1.452
04.06.2012,1.5239
05.06.2012,1.5744
06.06.2012,1.6592
07.06.2012,1.6388
08.06.2012,1.6353
11.06.2012,1.586
12.06.2012,1.6642
13.06.2012,1.5927
14.06.2012,1.642
15.06.2012,1.5773
18.06.2012,1.5738
19.06.2012,1.6197
20.06.2012,1.6572
21.06.2012,1.6162
22.06.2012,1.6742
25.06.2012,1.6024
26.06.2012,1.6262
27.06.2012,1.6177
28.06.2012,1.5768
29.06.2012,1.6449
02.07.2012,1.5885
03.07.2012,1.6294
04.07.2012,1.6294
05.07.2012,1.5969
06.07.2012,1.5491
09.07.2012,1.5117
10.07.2012,1.5015
11.07.2012,1.5167
12.07.2012,1.4743
13.07.2012,1.4876
16.07.2012,1.4724
17.07.2012,1.5078
18.07.2012,1.4942
19.07.2012,1.5077
20.07.2012,1.4567
23.07.2012,1.4263
24.07.2012,1.3875
25.07.2012,1.3975
26.07.2012,1.4378
27.07.2012,1.5463
30.07.2012,1.5019
31.07.2012,1.4679
01.08.2012,1.524
02.08.2012,1.4779
03.08.2012,1.5631
06.08.2012,1.5664
07.08.2012,1.6283
08.08.2012,1.6491
09.08.2012,1.6881
10.08.2012,1.6573
13.08.2012,1.6642
14.08.2012,1.7378
15.08.2012,1.8155
16.08.2012,1.8346
17.08.2012,1.8105
20.08.2012,1.8053
21.08.2012,1.7984
22.08.2012,1.6916
23.08.2012,1.6779
24.08.2012,1.6865
27.08.2012,1.6506
28.08.2012,1.6335
29.08.2012,1.6506
30.08.2012,1.6233
31.08.2012,1.5484
03.09.2012,1.5484
04.09.2012,1.5722
05.09.2012,1.596
06.09.2012,1.6781
07.09.2012,1.6678
10.09.2012,1.6541
11.09.2012,1.7005
12.09.2012,1.7576
13.09.2012,1.723
14.09.2012,1.866
17.09.2012,1.8415
18.09.2012,1.8083
19.09.2012,1.7718
20.09.2012,1.764
21.09.2012,1.7528
24.09.2012,1.7094
25.09.2012,1.6662
26.09.2012,1.6095
27.09.2012,1.6542
28.09.2012,1.6335
01.10.2012,1.6249
02.10.2012,1.6198
03.10.2012,1.6146
04.10.2012,1.6732
05.10.2012,1.7428
08.10.2012,1.7428
09.10.2012,1.7132
10.10.2012,1.6742
11.10.2012,1.6699
12.10.2012,1.656
15.10.2012,1.663
16.10.2012,1.7186
17.10.2012,1.8185
18.10.2012,1.8344
19.10.2012,1.7633
22.10.2012,1.8134
23.10.2012,1.7572
24.10.2012,1.7889
25.10.2012,1.8233
26.10.2012,1.7451
29.10.2012,1.7189
30.10.2012,1.7189
31.10.2012,1.6901
01.11.2012,1.7242
02.11.2012,1.7147
05.11.2012,1.6841
06.11.2012,1.7507
07.11.2012,1.6466
08.11.2012,1.6148
09.11.2012,1.6063
12.11.2012,1.6063
13.11.2012,1.5945
14.11.2012,1.5911
15.11.2012,1.5928
16.11.2012,1.58
19.11.2012,1.6131
20.11.2012,1.6659
21.11.2012,1.6796
22.11.2012,1.6796
23.11.2012,1.6899
26.11.2012,1.6625
27.11.2012,1.6369
28.11.2012,1.6284
29.11.2012,1.6147
30.11.2012,1.6156
03.12.2012,1.6207
04.12.2012,1.6028
05.12.2012,1.5875
06.12.2012,1.5857
07.12.2012,1.6215
10.12.2012,1.6164
11.12.2012,1.6541
12.12.2012,1.698
13.12.2012,1.7299
14.12.2012,1.7015
17.12.2012,1.7717
18.12.2012,1.817
19.12.2012,1.8014
20.12.2012,1.7962
21.12.2012,1.7623
24.12.2012,1.7737
25.12.2012,1.7737
26.12.2012,1.7511
27.12.2012,1.7364
28.12.2012,1.7009
31.12.2012,1.7574
01.01.2013,1.7574
02.01.2013,1.8371
03.01.2013,1.9121
04.01.2013,1.8991
07.01.2013,1.8974
08.01.2013,1.8683
09.01.2013,1.8568
10.01.2013,1.8958
11.01.2013,1.8677
14.01.2013,1.8448
15.01.2013,1.836
16.01.2013,1.8185
17.01.2013,1.8794
18.01.2013,1.8416
21.01.2013,1.8416
22.01.2013,1.8417
23.01.2013,1.8241
24.01.2013,1.8498
25.01.2013,1.9487
28.01.2013,1.9613
29.01.2013,1.9991
30.01.2013,1.992
31.01.2013,1.9849
01.02.2013,2.0149
04.02.2013,1.9548
05.02.2013,1.998
06.02.2013,1.9603
07.02.2013,1.9568
08.02.2013,1.9499
11.02.2013,1.9635
12.02.2013,1.977
13.02.2013,2.0277
14.02.2013,1.9974
15.02.2013,2.0017
18.02.2013,2.0017
19.02.2013,2.0278
20.02.2013,2.0087
21.02.2013,1.9766
22.02.2013,1.9619
25.02.2013,1.8637
26.02.2013,1.8808
27.02.2013,1.9014
28.02.2013,1.8756
01.03.2013,1.8412
04.03.2013,1.8755
05.03.2013,1.8978
06.03.2013,1.9375
07.03.2013,1.9965
08.03.2013,2.0427
11.03.2013,2.0576
12.03.2013,2.0156
13.03.2013,2.0209
14.03.2013,2.0296
15.03.2013,1.9895
18.03.2013,1.9546
19.03.2013,1.9017
20.03.2013,1.9581
21.03.2013,1.9112
22.03.2013,1.925
25.03.2013,1.9198
26.03.2013,1.9094
27.03.2013,1.8454
28.03.2013,1.8487
29.03.2013,1.8486
01.04.2013,1.8314
02.04.2013,1.859
03.04.2013,1.8106
04.04.2013,1.7625
05.04.2013,1.7128
08.04.2013,1.746
09.04.2013,1.7502
10.04.2013,1.8034
11.04.2013,1.7887
12.04.2013,1.7208
15.04.2013,1.6798
16.04.2013,1.7224
17.04.2013,1.695
18.04.2013,1.6847
19.04.2013,1.7049
22.04.2013,1.6929
23.04.2013,1.7065
24.04.2013,1.7047
25.04.2013,1.708
26.04.2013,1.6633
29.04.2013,1.6701
30.04.2013,1.6717
01.05.2013,1.629
02.05.2013,1.6255
03.05.2013,1.7382
06.05.2013,1.7588
07.05.2013,1.7778
08.05.2013,1.7665
09.05.2013,1.8109
10.05.2013,1.8973
13.05.2013,1.9199
14.05.2013,1.974
15.05.2013,1.9347
16.05.2013,1.8809
17.05.2013,1.9506
20.05.2013,1.9647
21.05.2013,1.9263
22.05.2013,2.0395
23.05.2013,2.0157
24.05.2013,2.0081
27.05.2013,2.0081
28.05.2013,2.1652
29.05.2013,2.1153
30.05.2013,2.111
31.05.2013,2.1282
03.06.2013,2.1193
04.06.2013,2.1462
05.06.2013,2.0892
06.06.2013,2.0769
07.06.2013,2.1718
10.06.2013,2.2097
11.06.2013,2.1846
12.06.2013,2.228
13.06.2013,2.1489
14.06.2013,2.1295
17.06.2013,2.1817
18.06.2013,2.1854
19.06.2013,2.3527
20.06.2013,2.4144
21.06.2013,2.531
24.06.2013,2.5368
25.06.2013,2.6082
26.06.2013,2.5353
27.06.2013,2.4721
28.06.2013,2.4857
01.07.2013,2.4765
02.07.2013,2.4693
03.07.2013,2.5032
04.07.2013,2.5032
05.07.2013,2.7391
08.07.2013,2.6356
09.07.2013,2.634
10.07.2013,2.6238
11.07.2013,2.5721
12.07.2013,2.5821
15.07.2013,2.5372
16.07.2013,2.5317
17.07.2013,2.4888
18.07.2013,2.5284
19.07.2013,2.4839
22.07.2013,2.4804
23.07.2013,2.5049
24.07.2013,2.588
25.07.2013,2.5712
26.07.2013,2.5624
29.07.2013,2.6023
30.07.2013,2.6101
31.07.2013,2.5762
01.08.2013,2.706
02.08.2013,2.596
05.08.2013,2.6333
06.08.2013,2.6421
07.08.2013,2.5986
08.08.2013,2.5892
09.08.2013,2.5784
12.08.2013,2.6206
13.08.2013,2.719
14.08.2013,2.7136
15.08.2013,2.7664
16.08.2013,2.8251
19.08.2013,2.8804
20.08.2013,2.8142
21.08.2013,2.8935
22.08.2013,2.8844
23.08.2013,2.8146
26.08.2013,2.7853
27.08.2013,2.7087
28.08.2013,2.7653
29.08.2013,2.7617
30.08.2013,2.7839
02.09.2013,2.7839
03.09.2013,2.8576
04.09.2013,2.8966
05.09.2013,2.9937
06.09.2013,2.9342
09.09.2013,2.912
10.09.2013,2.9643
11.09.2013,2.9122
12.09.2013,2.9095
13.09.2013,2.8846
16.09.2013,2.8643
17.09.2013,2.8468
18.09.2013,2.6878
19.09.2013,2.7519
20.09.2013,2.7337
23.09.2013,2.6999
24.09.2013,2.6552
25.09.2013,2.628
26.09.2013,2.6498
27.09.2013,2.6245
30.09.2013,2.61
01.10.2013,2.65
02.10.2013,2.6173
03.10.2013,2.6046
04.10.2013,2.6447
07.10.2013,2.6265
08.10.2013,2.632
09.10.2013,2.6631
10.10.2013,2.6814
11.10.2013,2.6871
14.10.2013,2.6871
15.10.2013,2.7276
16.10.2013,2.6633
17.10.2013,2.5894
18.10.2013,2.5777
21.10.2013,2.6014
22.10.2013,2.5124
23.10.2013,2.5016
24.10.2013,2.5197
25.10.2013,2.5088
28.10.2013,2.5233
29.10.2013,2.5034
30.10.2013,2.5378
31.10.2013,2.5542
01.11.2013,2.6218
04.11.2013,2.6035
05.11.2013,2.6696
06.11.2013,2.6421
07.11.2013,2.5999
08.11.2013,2.7477
11.11.2013,2.7477
12.11.2013,2.7728
13.11.2013,2.6996
14.11.2013,2.69
15.11.2013,2.7033
18.11.2013,2.6658
19.11.2013,2.7069
20.11.2013,2.7987
21.11.2013,2.7842
22.11.2013,2.7427
25.11.2013,2.7283
26.11.2013,2.7077
27.11.2013,2.7373
28.11.2013,2.7373
29.11.2013,2.7445
02.12.2013,2.7951
03.12.2013,2.7825
04.12.2013,2.8342
05.12.2013,2.8717
06.12.2013,2.8553
09.12.2013,2.8389
10.12.2013,2.8006
11.12.2013,2.8535
12.12.2013,2.8773
13.12.2013,2.8646
16.12.2013,2.8784
17.12.2013,2.8354
18.12.2013,2.8931
19.12.2013,2.9291
20.12.2013,2.8886
23.12.2013,2.9274
24.12.2013,2.9775
25.12.2013,2.9775
26.12.2013,2.9905
27.12.2013,3
30.12.2013,2.9703
31.12.2013,3.0282
01.01.2014,3.0282
02.01.2014,2.989
03.01.2014,2.9948
06.01.2014,2.9576
07.01.2014,2.9391
08.01.2014,2.9894
09.01.2014,2.9652
10.01.2014,2.8579
13.01.2014,2.8257
14.01.2014,2.8709
15.01.2014,2.8912
16.01.2014,2.8414
17.01.2014,2.8194
20.01.2014,2.8194
21.01.2014,2.8286
22.01.2014,2.8656
23.01.2014,2.7772
24.01.2014,2.715
27.01.2014,2.7479
28.01.2014,2.7488
29.01.2014,2.6767
30.01.2014,2.6949
31.01.2014,2.644
03.02.2014,2.5761
04.02.2014,2.6294
05.02.2014,2.6675
06.02.2014,2.7003
07.02.2014,2.6829
10.02.2014,2.6674
11.02.2014,2.725
12.02.2014,2.7608
13.02.2014,2.732
14.02.2014,2.7428
17.02.2014,2.7428
18.02.2014,2.7069
19.02.2014,2.7392
20.02.2014,2.7509
21.02.2014,2.731
24.02.2014,2.7382
25.02.2014,2.7023
26.02.2014,2.6655
27.02.2014,2.6387
28.02.2014,2.6476
03.03.2014,2.6012
04.03.2014,2.6977
05.03.2014,2.7048
06.03.2014,2.7373
07.03.2014,2.7879
10.03.2014,2.777
11.03.2014,2.768
12.03.2014,2.73
13.03.2014,2.6446
14.03.2014,2.6543
17.03.2014,2.6921
18.03.2014,2.6722
19.03.2014,2.7725
20.03.2014,2.7716
21.03.2014,2.7426
24.03.2014,2.7281
25.03.2014,2.748
26.03.2014,2.6919
27.03.2014,2.681
28.03.2014,2.7208
31.03.2014,2.718
01.04.2014,2.7525
02.04.2014,2.8045
03.04.2014,2.7972
04.04.2014,2.7207
07.04.2014,2.6998
08.04.2014,2.6808
09.04.2014,2.6898
10.04.2014,2.6474
11.04.2014,2.6247
14.04.2014,2.6472
15.04.2014,2.6283
16.04.2014,2.6282
17.04.2014,2.7215
18.04.2014,2.7215
21.04.2014,2.7151
22.04.2014,2.7105
23.04.2014,2.6987
24.04.2014,2.6805
25.04.2014,2.6623
28.04.2014,2.7005
29.04.2014,2.6913
30.04.2014,2.6459
01.05.2014,2.6133
02.05.2014,2.5843
05.05.2014,2.6068
06.05.2014,2.5914
07.05.2014,2.5878
08.05.2014,2.6161
09.05.2014,2.6233
12.05.2014,2.6611
13.05.2014,2.6089
14.05.2014,2.5427
15.05.2014,2.4893
16.05.2014,2.5231
19.05.2014,2.5445
20.05.2014,2.5106
21.05.2014,2.532
22.05.2014,2.5499
23.05.2014,2.5321
26.05.2014,2.5321
27.05.2014,2.5142
28.05.2014,2.4431
29.05.2014,2.4644
30.05.2014,2.4759
02.06.2014,2.5267
03.06.2014,2.5985
04.06.2014,2.6021
05.06.2014,2.5824
06.06.2014,2.5869
09.06.2014,2.6032
10.06.2014,2.6439
11.06.2014,2.6394
12.06.2014,2.5951
13.06.2014,2.6033
16.06.2014,2.597
17.06.2014,2.6523
18.06.2014,2.5844
19.06.2014,2.6206
20.06.2014,2.6052
23.06.2014,2.6261
24.06.2014,2.5781
25.06.2014,2.5592
26.06.2014,2.5286
27.06.2014,2.534
30.06.2014,2.5304
01.07.2014,2.5647
02.07.2014,2.6264
03.07.2014,2.6383
04.07.2014,2.6383
07.07.2014,2.611
08.07.2014,2.5557
09.07.2014,2.5503
10.07.2014,2.5359
11.07.2014,2.516
14.07.2014,2.5468
15.07.2014,2.5468
16.07.2014,2.526
17.07.2014,2.4458
18.07.2014,2.4809
21.07.2014,2.4674
22.07.2014,2.4601
23.07.2014,2.4655
24.07.2014,2.5025
25.07.2014,2.4655
28.07.2014,2.4853
29.07.2014,2.4601
30.07.2014,2.5569
31.07.2014,2.5578
01.08.2014,2.4925
04.08.2014,2.4817
05.08.2014,2.4844
06.08.2014,2.4708
07.08.2014,2.4114
08.08.2014,2.4203
11.08.2014,2.4275
12.08.2014,2.4491
13.08.2014,2.4166
14.08.2014,2.4015
15.08.2014,2.3397
18.08.2014,2.3927
19.08.2014,2.3997
20.08.2014,2.4264
21.08.2014,2.4068
22.08.2014,2.4024
25.08.2014,2.382
26.08.2014,2.3962
27.08.2014,2.3573
28.08.2014,2.3361
29.08.2014,2.3431
01.09.2014,2.3431
02.09.2014,2.4211
03.09.2014,2.3962
04.09.2014,2.4497
05.09.2014,2.4587
08.09.2014,2.4712
09.09.2014,2.5036
10.09.2014,2.5414
11.09.2014,2.5496
12.09.2014,2.6105
15.09.2014,2.5887
16.09.2014,2.5924
17.09.2014,2.6198
18.09.2014,2.6144
19.09.2014,2.5745
22.09.2014,2.5636
23.09.2014,2.5275
24.09.2014,2.5637
25.09.2014,2.5022
26.09.2014,2.5276
29.09.2014,2.4771
30.09.2014,2.4888
01.10.2014,2.3856
02.10.2014,2.425
03.10.2014,2.434
06.10.2014,2.4196
07.10.2014,2.3391
08.10.2014,2.3213
09.10.2014,2.3133
10.10.2014,2.2804
13.10.2014,2.2804
14.10.2014,2.1973
15.10.2014,2.1358
16.10.2014,2.1559
17.10.2014,2.1936
20.10.2014,2.1909
21.10.2014,2.2217
22.10.2014,2.2164
23.10.2014,2.2712
24.10.2014,2.2685
27.10.2014,2.2605
28.10.2014,2.296
29.10.2014,2.3174
30.10.2014,2.3058
31.10.2014,2.3353
03.11.2014,2.3425
04.11.2014,2.3335
05.11.2014,2.3424
06.11.2014,2.3856
07.11.2014,2.2976
10.11.2014,2.3604
11.11.2014,2.3604
12.11.2014,2.3712
13.11.2014,2.3399
14.11.2014,2.3204
17.11.2014,2.3399
18.11.2014,2.3151
19.11.2014,2.3594
20.11.2014,2.3373
21.11.2014,2.3099
24.11.2014,2.3064
25.11.2014,2.257
26.11.2014,2.2447
27.11.2014,2.2447
28.11.2014,2.164
01.12.2014,2.235
02.12.2014,2.2923
03.12.2014,2.2799
04.12.2014,2.2341
05.12.2014,2.3065
08.12.2014,2.257
09.12.2014,2.2129
10.12.2014,2.1638
11.12.2014,2.162
12.12.2014,2.0817
15.12.2014,2.1182
16.12.2014,2.0591
17.12.2014,2.1356
18.12.2014,2.2075
19.12.2014,2.1618
22.12.2014,2.1583
23.12.2014,2.2614
24.12.2014,2.2632
25.12.2014,2.2632
26.12.2014,2.2499
29.12.2014,2.2021
30.12.2014,2.1871
31.12.2014,2.1712
01.01.2015,2.1712
02.01.2015,2.1105
05.01.2015,2.032
06.01.2015,1.9402
07.01.2015,1.9677
08.01.2015,2.0179
09.01.2015,1.9449
12.01.2015,1.907
13.01.2015,1.9
14.01.2015,1.8553
15.01.2015,1.7149
16.01.2015,1.8368
19.01.2015,1.8368
20.01.2015,1.788
21.01.2015,1.8717
22.01.2015,1.8631
23.01.2015,1.7968
26.01.2015,1.8241
27.01.2015,1.8231
28.01.2015,1.7207
29.01.2015,1.7512
30.01.2015,1.6407
02.02.2015,1.6642
03.02.2015,1.7915
04.02.2015,1.7513
05.02.2015,1.8204
06.02.2015,1.9567
09.02.2015,1.9775
10.02.2015,1.9967
11.02.2015,2.0176
12.02.2015,1.9844
13.02.2015,2.0504
16.02.2015,2.0504
17.02.2015,2.1379
18.02.2015,2.08
19.02.2015,2.1142
20.02.2015,2.1117
23.02.2015,2.0574
24.02.2015,1.98
25.02.2015,1.9688
26.02.2015,2.0295
27.02.2015,1.993
02.03.2015,2.082
03.03.2015,2.1189
04.03.2015,2.1172
05.03.2015,2.1154
06.03.2015,2.2414
09.03.2015,2.1907
10.03.2015,2.1297
11.03.2015,2.1086
12.03.2015,2.1156
13.03.2015,2.114
16.03.2015,2.0717
17.03.2015,2.0507
18.03.2015,1.9199
19.03.2015,1.9685
20.03.2015,1.9303
23.03.2015,1.912
24.03.2015,1.8731
25.03.2015,1.925
26.03.2015,1.9894
27.03.2015,1.9615
30.03.2015,1.9475
31.03.2015,1.9231
01.04.2015,1.8573
02.04.2015,1.9117
03.04.2015,1.8389
06.04.2015,1.8952
07.04.2015,1.8848
08.04.2015,1.9047
09.04.2015,1.9596
10.04.2015,1.9473
13.04.2015,1.9272
14.04.2015,1.8985
15.04.2015,1.888
16.04.2015,1.8897
17.04.2015,1.8653
20.04.2015,1.8896
21.04.2015,1.9087
22.04.2015,1.9788
23.04.2015,1.9577
24.04.2015,1.9086
27.04.2015,1.9208
28.04.2015,2.0034
29.04.2015,2.0388
30.04.2015,2.0317
01.05.2015,2.1135
04.05.2015,2.144
05.05.2015,2.1853
06.05.2015,2.2431
07.05.2015,2.18
08.05.2015,2.1478
11.05.2015,2.2797
12.05.2015,2.2489
13.05.2015,2.2926
14.05.2015,2.2301
15.05.2015,2.1424
18.05.2015,2.2337
19.05.2015,2.2886
20.05.2015,2.2479
21.05.2015,2.1898
22.05.2015,2.2092
25.05.2015,2.2092
26.05.2015,2.139
27.05.2015,2.1285
28.05.2015,2.1355
29.05.2015,2.1214
01.06.2015,2.1794
02.06.2015,2.2624
03.06.2015,2.3642
04.06.2015,2.307
05.06.2015,2.4076
08.06.2015,2.3824
09.06.2015,2.4384
10.06.2015,2.4838
11.06.2015,2.3772
12.06.2015,2.3918
15.06.2015,2.3559
16.06.2015,2.3093
17.06.2015,2.3165
18.06.2015,2.3345
19.06.2015,2.2577
22.06.2015,2.3725
23.06.2015,2.4087
24.06.2015,2.3672
25.06.2015,2.4088
26.06.2015,2.4726
29.06.2015,2.3242
30.06.2015,2.3531
01.07.2015,2.4219
02.07.2015,2.3823
03.07.2015,2.3823
06.07.2015,2.285
07.07.2015,2.2582
08.07.2015,2.1922
09.07.2015,2.3211
10.07.2015,2.3972
13.07.2015,2.4538
14.07.2015,2.401
15.07.2015,2.3521
16.07.2015,2.3503
17.07.2015,2.3469
20.07.2015,2.3723
21.07.2015,2.3253
22.07.2015,2.3235
23.07.2015,2.2677
24.07.2015,2.2624
27.07.2015,2.2175
28.07.2015,2.2499
29.07.2015,2.2859
30.07.2015,2.2589
31.07.2015,2.1801
03.08.2015,2.148
04.08.2015,2.2213
05.08.2015,2.2699
06.08.2015,2.2214
07.08.2015,2.1623
10.08.2015,2.2269
11.08.2015,2.1409
12.08.2015,2.148
13.08.2015,2.1854
14.08.2015,2.1977
17.08.2015,2.1678
18.08.2015,2.1925
19.08.2015,2.1256
20.08.2015,2.0679
21.08.2015,2.0365
24.08.2015,2.0034
25.08.2015,2.0714
26.08.2015,2.1752
27.08.2015,2.1841
28.08.2015,2.1807
31.08.2015,2.2179
01.09.2015,2.1524
02.09.2015,2.1843
03.09.2015,2.1596
04.09.2015,2.1244
07.09.2015,2.1244
08.09.2015,2.1828
09.09.2015,2.2006
10.09.2015,2.222
11.09.2015,2.1883
14.09.2015,2.1831
15.09.2015,2.2867
16.09.2015,2.294
17.09.2015,2.1903
18.09.2015,2.1336
21.09.2015,2.2012
22.09.2015,2.1337
23.09.2015,2.1497
24.09.2015,2.1266
25.09.2015,2.1623
28.09.2015,2.0949
29.09.2015,2.0508
30.09.2015,2.0368
01.10.2015,2.0368
02.10.2015,1.9929
05.10.2015,2.0562
06.10.2015,2.0315
07.10.2015,2.0668
08.10.2015,2.104
09.10.2015,2.0881
12.10.2015,2.0881
13.10.2015,2.0439
14.10.2015,1.9718
15.10.2015,2.0175
16.10.2015,2.0334
19.10.2015,2.0228
20.10.2015,2.067
21.10.2015,2.0228
22.10.2015,2.0263
23.10.2015,2.0866
26.10.2015,2.0564
27.10.2015,2.037
28.10.2015,2.1009
29.10.2015,2.1725
30.10.2015,2.1421
02.11.2015,2.1709
03.11.2015,2.2105
04.11.2015,2.225
05.11.2015,2.2323
06.11.2015,2.3252
09.11.2015,2.3436
10.11.2015,2.3419
11.11.2015,2.3301
12.11.2015,2.3116
13.11.2015,2.2658
16.11.2015,2.2676
17.11.2015,2.2658
18.11.2015,2.2728
19.11.2015,2.2482
20.11.2015,2.2623
23.11.2015,2.2377
24.11.2015,2.2377
25.11.2015,2.2341
26.11.2015,2.2341
27.11.2015,2.2201
30.11.2015,2.206
01.12.2015,2.1431
02.12.2015,2.1797
03.12.2015,2.3136
04.12.2015,2.2693
07.12.2015,2.2288
08.12.2015,2.2182
09.12.2015,2.2164
10.12.2015,2.2305
11.12.2015,2.127
14.12.2015,2.2217
15.12.2015,2.2658
16.12.2015,2.296
17.12.2015,2.2234
18.12.2015,2.204
21.12.2015,2.1917
22.12.2015,2.2357
23.12.2015,2.2534
24.12.2015,2.241
25.12.2015,2.241
28.12.2015,2.2304
29.12.2015,2.305
30.12.2015,2.2943
31.12.2015,2.2694
01.01.2016,2.2694
04.01.2016,2.2428
05.01.2016,2.2357
06.01.2016,2.1702
07.01.2016,2.1455
08.01.2016,2.1156
11.01.2016,2.1754
12.01.2016,2.1032
13.01.2016,2.0927
14.01.2016,2.0874
15.01.2016,2.0347
18.01.2016,2.0347
19.01.2016,2.0556
20.01.2016,1.9824
21.01.2016,2.0311
22.01.2016,2.0519
25.01.2016,2.0012
26.01.2016,1.9942
27.01.2016,1.9993
28.01.2016,1.9784
29.01.2016,1.9209
01.02.2016,1.9486
02.02.2016,1.8448
03.02.2016,1.8861
04.02.2016,1.8395
05.02.2016,1.8357
08.02.2016,1.7483
09.02.2016,1.726
10.02.2016,1.6681
11.02.2016,1.6591
12.02.2016,1.7481
15.02.2016,1.7481
16.02.2016,1.7723
17.02.2016,1.819
18.02.2016,1.7396
19.02.2016,1.7449
22.02.2016,1.7518
23.02.2016,1.7225
24.02.2016,1.7484
25.02.2016,1.7157
26.02.2016,1.7623
29.02.2016,1.7347
01.03.2016,1.8249
02.03.2016,1.8406
03.03.2016,1.8337
04.03.2016,1.8741
07.03.2016,1.9057
08.03.2016,1.8287
09.03.2016,1.876
10.03.2016,1.9323
11.03.2016,1.9839
14.03.2016,1.9592
15.03.2016,1.9699
16.03.2016,1.9081
17.03.2016,1.8958
18.03.2016,1.8732
21.03.2016,1.9155
22.03.2016,1.9403
23.03.2016,1.8786
24.03.2016,1.9
25.03.2016,1.9
28.03.2016,1.886
29.03.2016,1.8035
30.03.2016,1.8228
31.03.2016,1.7687
01.04.2016,1.7705
04.04.2016,1.7618
05.04.2016,1.7201
06.04.2016,1.7549
07.04.2016,1.6889
08.04.2016,1.7167
11.04.2016,1.7254
12.04.2016,1.7761
13.04.2016,1.7639
14.04.2016,1.7919
15.04.2016,1.7518
18.04.2016,1.7711
19.04.2016,1.7851
20.04.2016,1.845
21.04.2016,1.861
22.04.2016,1.8878
25.04.2016,1.9128
26.04.2016,1.9271
27.04.2016,1.8508
28.04.2016,1.8243
29.04.2016,1.8333
02.05.2016,1.8723
03.05.2016,1.7963
04.05.2016,1.7752
05.05.2016,1.7453
06.05.2016,1.7789
09.05.2016,1.7507
10.05.2016,1.7613
11.05.2016,1.7367
12.05.2016,1.7516
13.05.2016,1.7001
16.05.2016,1.7533
17.05.2016,1.7723
18.05.2016,1.8538
19.05.2016,1.8487
20.05.2016,1.8384
23.05.2016,1.835
24.05.2016,1.8629
25.05.2016,1.8664
26.05.2016,1.8282
27.05.2016,1.851
30.05.2016,1.851
31.05.2016,1.8458
01.06.2016,1.8354
02.06.2016,1.7989
03.06.2016,1.7004
06.06.2016,1.7367
07.06.2016,1.7177
08.06.2016,1.7022
09.06.2016,1.6867
10.06.2016,1.6404
13.06.2016,1.6096
14.06.2016,1.613
15.06.2016,1.572
16.06.2016,1.5788
17.06.2016,1.6078
20.06.2016,1.6886
21.06.2016,1.7059
22.06.2016,1.6852
23.06.2016,1.7458
24.06.2016,1.5599
27.06.2016,1.4377
28.06.2016,1.4664
29.06.2016,1.5155
30.06.2016,1.4697
01.07.2016,1.4441
04.07.2016,1.4441
05.07.2016,1.375
06.07.2016,1.3682
07.07.2016,1.385
08.07.2016,1.3579
11.07.2016,1.4303
12.07.2016,1.51
13.07.2016,1.4743
14.07.2016,1.5356
15.07.2016,1.5509
18.07.2016,1.5818
19.07.2016,1.5526
20.07.2016,1.5801
21.07.2016,1.556
22.07.2016,1.5663
25.07.2016,1.5731
26.07.2016,1.5611
27.07.2016,1.4976
28.07.2016,1.5044
29.07.2016,1.4531
01.08.2016,1.5214
02.08.2016,1.5558
03.08.2016,1.542
04.08.2016,1.5008
05.08.2016,1.5885
08.08.2016,1.592
09.08.2016,1.547
10.08.2016,1.5074
11.08.2016,1.5593
12.08.2016,1.5135
15.08.2016,1.5576
16.08.2016,1.5746
17.08.2016,1.5491
18.08.2016,1.5356
19.08.2016,1.5781
22.08.2016,1.5424
23.08.2016,1.5458
24.08.2016,1.5611
25.08.2016,1.5731
26.08.2016,1.6296
29.08.2016,1.5595
30.08.2016,1.5663
31.08.2016,1.58
01.09.2016,1.5681
02.09.2016,1.6024
05.09.2016,1.6024
06.09.2016,1.534
07.09.2016,1.5391
08.09.2016,1.599
09.09.2016,1.6749
12.09.2016,1.6629
13.09.2016,1.7271
14.09.2016,1.6976
15.09.2016,1.6907
16.09.2016,1.6926
19.09.2016,1.7118
20.09.2016,1.6892
21.09.2016,1.6511
22.09.2016,1.6183
23.09.2016,1.6184
26.09.2016,1.5839
27.09.2016,1.5564
28.09.2016,1.5719
29.09.2016,1.5599
30.09.2016,1.5944
03.10.2016,1.6221
04.10.2016,1.6864
05.10.2016,1.7021
06.10.2016,1.7372
07.10.2016,1.7181
10.10.2016,1.7181
11.10.2016,1.7638
12.10.2016,1.7692
13.10.2016,1.7411
14.10.2016,1.7977
17.10.2016,1.766
18.10.2016,1.7379
19.10.2016,1.7432
20.10.2016,1.7556
21.10.2016,1.7347
24.10.2016,1.7647
25.10.2016,1.756
26.10.2016,1.7931
27.10.2016,1.8536
28.10.2016,1.8468
31.10.2016,1.8255
01.11.2016,1.8274
02.11.2016,1.8025
03.11.2016,1.8115
04.11.2016,1.7762
07.11.2016,1.8261
08.11.2016,1.8547
09.11.2016,2.0571
10.11.2016,2.1501
11.11.2016,2.1501
14.11.2016,2.2614
15.11.2016,2.2189
16.11.2016,2.2225
17.11.2016,2.3026
18.11.2016,2.3548
21.11.2016,2.3154
22.11.2016,2.3119
23.11.2016,2.3498
24.11.2016,2.3498
25.11.2016,2.3572
28.11.2016,2.3124
29.11.2016,2.291
30.11.2016,2.3809
01.12.2016,2.4481
02.12.2016,2.3831
05.12.2016,2.3941
06.12.2016,2.3887
07.12.2016,2.3401
08.12.2016,2.4071
09.12.2016,2.4675
12.12.2016,2.4712
13.12.2016,2.4713
14.12.2016,2.5707
15.12.2016,2.5967
16.12.2016,2.5916
19.12.2016,2.5382
20.12.2016,2.5586
21.12.2016,2.5348
22.12.2016,2.5515
23.12.2016,2.5373
26.12.2016,2.5373
27.12.2016,2.5596
28.12.2016,2.508
29.12.2016,2.475
30.12.2016,2.4443
02.01.2017,2.4443
03.01.2017,2.4444
04.01.2017,2.439
05.01.2017,2.3443
06.01.2017,2.4193
09.01.2017,2.3647
10.01.2017,2.3757
11.01.2017,2.3721
12.01.2017,2.3631
13.01.2017,2.3964
16.01.2017,2.3964
17.01.2017,2.3253
18.01.2017,2.4296
19.01.2017,2.4739
20.01.2017,2.4668
23.01.2017,2.3971
24.01.2017,2.4652
25.01.2017,2.5116
26.01.2017,2.5043
27.01.2017,2.4843
30.01.2017,2.4881
31.01.2017,2.4531
01.02.2017,2.4699
02.02.2017,2.4737
03.02.2017,2.4648
06.02.2017,2.4077
07.02.2017,2.3931
08.02.2017,2.3363
09.02.2017,2.3948
10.02.2017,2.4073
13.02.2017,2.4358
14.02.2017,2.4698
15.02.2017,2.4932
16.02.2017,2.4467
17.02.2017,2.4147
20.02.2017,2.4147
21.02.2017,2.429
22.02.2017,2.4129
23.02.2017,2.372
24.02.2017,2.3117
27.02.2017,2.365
28.02.2017,2.3899
01.03.2017,2.4526
02.03.2017,2.4779
03.03.2017,2.478
06.03.2017,2.4997
07.03.2017,2.5179
08.03.2017,2.5597
09.03.2017,2.6053
10.03.2017,2.5745
13.03.2017,2.6258
14.03.2017,2.6002
15.03.2017,2.493
16.03.2017,2.5402
17.03.2017,2.5005
20.03.2017,2.4607
21.03.2017,2.4175
22.03.2017,2.405
23.03.2017,2.4194
24.03.2017,2.4123
27.03.2017,2.3782
28.03.2017,2.4178
29.03.2017,2.3765
30.03.2017,2.4197
31.03.2017,2.3874
03.04.2017,2.3193
04.04.2017,2.3605
05.04.2017,2.3354
06.04.2017,2.3408
07.04.2017,2.3822
10.04.2017,2.3661
11.04.2017,2.2962
12.04.2017,2.2392
13.04.2017,2.2374
14.04.2017,2.2374
17.04.2017,2.2498
18.04.2017,2.1682
19.04.2017,2.2143
20.04.2017,2.232
21.04.2017,2.248
24.04.2017,2.273
25.04.2017,2.3322
26.04.2017,2.3035
27.04.2017,2.2946
28.04.2017,2.2802
01.05.2017,2.318
02.05.2017,2.2803
03.05.2017,2.318
04.05.2017,2.3541
05.05.2017,2.3487
08.05.2017,2.3868
09.05.2017,2.3977
10.05.2017,2.4141
11.05.2017,2.3874
12.05.2017,2.3257
15.05.2017,2.3433
16.05.2017,2.3257
17.05.2017,2.2243
18.05.2017,2.2294
19.05.2017,2.2346
22.05.2017,2.2537
23.05.2017,2.2799
24.05.2017,2.2502
25.05.2017,2.2554
26.05.2017,2.2465
29.05.2017,2.2465
30.05.2017,2.2098
31.05.2017,2.2028
01.06.2017,2.2114
02.06.2017,2.1591
05.06.2017,2.1817
06.06.2017,2.1451
07.06.2017,2.1729
08.06.2017,2.1885
09.06.2017,2.2005
12.06.2017,2.2145
13.06.2017,2.2109
14.06.2017,2.1256
15.06.2017,2.1637
16.06.2017,2.1514
19.06.2017,2.1879
20.06.2017,2.1565
21.06.2017,2.1634
22.06.2017,2.1477
23.06.2017,2.1423
26.06.2017,2.137
27.06.2017,2.2051
28.06.2017,2.2279
29.06.2017,2.2666
30.06.2017,2.3037
03.07.2017,2.3499
04.07.2017,2.3499
05.07.2017,2.3232
06.07.2017,2.3659
07.07.2017,2.3856
10.07.2017,2.373
11.07.2017,2.3605
12.07.2017,2.3177
13.07.2017,2.3444
14.07.2017,2.3319
17.07.2017,2.3141
18.07.2017,2.259
19.07.2017,2.2696
20.07.2017,2.2589
21.07.2017,2.2375
24.07.2017,2.2552
25.07.2017,2.3354
26.07.2017,2.2872
27.07.2017,2.3103
28.07.2017,2.2889
31.07.2017,2.2942
01.08.2017,2.2532
02.08.2017,2.271
03.08.2017,2.2212
04.08.2017,2.262
07.08.2017,2.253
08.08.2017,2.2619
09.08.2017,2.2476
10.08.2017,2.1975
11.08.2017,2.1888
14.08.2017,2.2185
15.08.2017,2.2728
16.08.2017,2.222
17.08.2017,2.1853
18.08.2017,2.1939
21.08.2017,2.1817
22.08.2017,2.2131
23.08.2017,2.166
24.08.2017,2.1939
25.08.2017,2.1659
28.08.2017,2.1571
29.08.2017,2.1292
30.08.2017,2.1309
31.08.2017,2.117
01.09.2017,2.1657
04.09.2017,2.1657
05.09.2017,2.0596
06.09.2017,2.1046
07.09.2017,2.0387
08.09.2017,2.0507
11.09.2017,2.1306
12.09.2017,2.1672
13.09.2017,2.1883
14.09.2017,2.1847
15.09.2017,2.2023
18.09.2017,2.2287
19.09.2017,2.2446
20.09.2017,2.2676
21.09.2017,2.2765
22.09.2017,2.2499
25.09.2017,2.2198
26.09.2017,2.2357
27.09.2017,2.3103
28.09.2017,2.3085
29.09.2017,2.3336
02.10.2017,2.3408
03.10.2017,2.3229
04.10.2017,2.3229
05.10.2017,2.348
06.10.2017,2.3589
09.10.2017,2.3589
10.10.2017,2.3607
11.10.2017,2.3481
12.10.2017,2.3177
13.10.2017,2.273
16.10.2017,2.3034
17.10.2017,2.2998
18.10.2017,2.3465
19.10.2017,2.3178
20.10.2017,2.3845
23.10.2017,2.3664
24.10.2017,2.4189
25.10.2017,2.4317
26.10.2017,2.4609
27.10.2017,2.4064
30.10.2017,2.3684
31.10.2017,2.3793
01.11.2017,2.3721
02.11.2017,2.345
03.11.2017,2.3325
06.11.2017,2.3163
07.11.2017,2.3145
08.11.2017,2.3343
09.11.2017,2.3416
10.11.2017,2.3984
13.11.2017,2.4055
14.11.2017,2.3717
15.11.2017,2.3222
16.11.2017,2.3753
17.11.2017,2.3435
20.11.2017,2.3666
21.11.2017,2.3559
22.11.2017,2.3187
23.11.2017,2.3187
24.11.2017,2.3418
27.11.2017,2.3277
28.11.2017,2.3277
29.11.2017,2.3882
30.11.2017,2.4097
01.12.2017,2.3615
04.12.2017,2.3723
05.12.2017,2.3509
06.12.2017,2.3385
07.12.2017,2.3634
08.12.2017,2.376
11.12.2017,2.3886
12.12.2017,2.4011
13.12.2017,2.3422
14.12.2017,2.3493
15.12.2017,2.353
18.12.2017,2.3942
19.12.2017,2.4644
20.12.2017,2.497
21.12.2017,2.4826
22.12.2017,2.481
25.12.2017,2.481
26.12.2017,2.4756
27.12.2017,2.4107
28.12.2017,2.4305
29.12.2017,2.4054
01.01.2018,2.4054
02.01.2018,2.4633
03.01.2018,2.4471
04.01.2018,2.4525
05.01.2018,2.4763
08.01.2018,2.48
09.01.2018,2.553
10.01.2018,2.5568
11.01.2018,2.5367
12.01.2018,2.5462
15.01.2018,2.5462
16.01.2018,2.5371
17.01.2018,2.5904
18.01.2018,2.6256
19.01.2018,2.6592
22.01.2018,2.65
23.01.2018,2.6131
24.01.2018,2.6465
25.01.2018,2.617
26.01.2018,2.6599
29.01.2018,2.6936
30.01.2018,2.7199
31.01.2018,2.705
01.02.2018,2.7896
02.02.2018,2.8411
05.02.2018,2.7056
06.02.2018,2.8016
07.02.2018,2.8359
08.02.2018,2.824
09.02.2018,2.8512
12.02.2018,2.8585
13.02.2018,2.8294
14.02.2018,2.9022
15.02.2018,2.9095
16.02.2018,2.8749
19.02.2018,2.8749
20.02.2018,2.8896
21.02.2018,2.95
22.02.2018,2.9207
23.02.2018,2.866
26.02.2018,2.8623
27.02.2018,2.8934
28.02.2018,2.8606
01.03.2018,2.8078
02.03.2018,2.8643
05.03.2018,2.8808
06.03.2018,2.8863
07.03.2018,2.8827
08.03.2018,2.8571
09.03.2018,2.8938
12.03.2018,2.8681
13.03.2018,2.8426
14.03.2018,2.817
15.03.2018,2.828
16.03.2018,2.8445
19.03.2018,2.8555
20.03.2018,2.8959
21.03.2018,2.883
22.03.2018,2.8244
23.03.2018,2.8135
26.03.2018,2.852
27.03.2018,2.7753
28.03.2018,2.7807
29.03.2018,2.7389
30.03.2018,2.7389
02.04.2018,2.7298
03.04.2018,2.7753
04.04.2018,2.8027
05.04.2018,2.832
06.04.2018,2.7735
09.04.2018,2.779
10.04.2018,2.8009
11.04.2018,2.7808
12.04.2018,2.8358
13.04.2018,2.8267
16.04.2018,2.8267
17.04.2018,2.8285
18.04.2018,2.8728
19.04.2018,2.9098
20.04.2018,2.9602
23.04.2018,2.9752
24.04.2018,2.9995
25.04.2018,3.0259
26.04.2018,2.9809
27.04.2018,2.9568
30.04.2018,2.9531
01.05.2018,2.9644
02.05.2018,2.9663
03.05.2018,2.9458
04.05.2018,2.9497
07.05.2018,2.9497
08.05.2018,2.976
09.05.2018,3.0042
10.05.2018,2.9622
11.05.2018,2.9695
14.05.2018,3.0024
15.05.2018,3.0723
16.05.2018,3.0964
17.05.2018,3.1112
18.05.2018,3.0559
21.05.2018,3.0596
22.05.2018,3.0597
23.05.2018,2.9935
24.05.2018,2.977
25.05.2018,2.9313
28.05.2018,2.9313
29.05.2018,2.781
30.05.2018,2.855
31.05.2018,2.8586
01.06.2018,2.9022
04.06.2018,2.9424
05.06.2018,2.9277
06.06.2018,2.9717
07.06.2018,2.9204
08.06.2018,2.9461
11.06.2018,2.9516
12.06.2018,2.9608
13.06.2018,2.9663
14.06.2018,2.9351
15.06.2018,2.9205
18.06.2018,2.9169
19.06.2018,2.8967
20.06.2018,2.9389
21.06.2018,2.8967
22.06.2018,2.8949
25.06.2018,2.8803
26.06.2018,2.8766
27.06.2018,2.8256
28.06.2018,2.8365
29.06.2018,2.8601
02.07.2018,2.8711
03.07.2018,2.8309
04.07.2018,2.8309
05.07.2018,2.8291
06.07.2018,2.8217
09.07.2018,2.8564
10.07.2018,2.8491
11.07.2018,2.8491
12.07.2018,2.8454
13.07.2018,2.8271
16.07.2018,2.8582
17.07.2018,2.86
18.07.2018,2.8692
19.07.2018,2.838
20.07.2018,2.8931
23.07.2018,2.9541
24.07.2018,2.9486
25.07.2018,2.9746
26.07.2018,2.9764
27.07.2018,2.9542
30.07.2018,2.9728
31.07.2018,2.9598
01.08.2018,3.0064
02.08.2018,2.9859
03.08.2018,2.9488
06.08.2018,2.9395
07.08.2018,2.973
08.08.2018,2.96
09.08.2018,2.9258
10.08.2018,2.8732
13.08.2018,2.8786
14.08.2018,2.8985
15.08.2018,2.8623
16.08.2018,2.8659
17.08.2018,2.8605
20.08.2018,2.819
21.08.2018,2.8298
22.08.2018,2.8189
23.08.2018,2.8261
24.08.2018,2.8098
27.08.2018,2.8459
28.08.2018,2.8804
29.08.2018,2.884
30.08.2018,2.855
31.08.2018,2.8604
03.09.2018,2.8604
04.09.2018,2.8985
05.09.2018,2.9022
06.09.2018,2.8731
07.09.2018,2.9388
10.09.2018,2.9314
11.09.2018,2.9755
12.09.2018,2.9626
13.09.2018,2.97
14.09.2018,2.9959
17.09.2018,2.9867
18.09.2018,3.0551
19.09.2018,3.0626
20.09.2018,3.0626
21.09.2018,3.0628
24.09.2018,3.0889
25.09.2018,3.0964
26.09.2018,3.048
27.09.2018,3.0518
28.09.2018,3.0612
01.10.2018,3.0836
02.10.2018,3.0631
03.10.2018,3.1813
04.10.2018,3.187
05.10.2018,3.2328
08.10.2018,3.2328
09.10.2018,3.2063
10.10.2018,3.1629
11.10.2018,3.1498
12.10.2018,3.1613
15.10.2018,3.1557
16.10.2018,3.1633
17.10.2018,3.205
18.10.2018,3.1786
19.10.2018,3.1921
22.10.2018,3.1978
23.10.2018,3.1676
24.10.2018,3.1035
25.10.2018,3.1167
26.10.2018,3.0755
29.10.2018,3.0849
30.10.2018,3.1227
31.10.2018,3.1435
01.11.2018,3.1303
02.11.2018,3.2121
05.11.2018,3.2008
06.11.2018,3.2276
07.11.2018,3.2355
08.11.2018,3.2373
09.11.2018,3.1819
12.11.2018,3.1819
13.11.2018,3.1397
14.11.2018,3.125
15.11.2018,3.1103
16.11.2018,3.0628
19.11.2018,3.0628
20.11.2018,3.0628
21.11.2018,3.0627
22.11.2018,3.0627
23.11.2018,3.039
26.11.2018,3.0535
27.11.2018,3.0572
28.11.2018,3.059
29.11.2018,3.0298
30.11.2018,2.9879
03.12.2018,2.9697
04.12.2018,2.9136
05.12.2018,2.9136
06.12.2018,2.8955
07.12.2018,2.845
10.12.2018,2.8575
11.12.2018,2.879
12.12.2018,2.9096
13.12.2018,2.9131
14.12.2018,2.8895
17.12.2018,2.857
18.12.2018,2.8175
19.12.2018,2.7548
20.12.2018,2.8065
21.12.2018,2.7902
24.12.2018,2.7383
25.12.2018,2.7383
26.12.2018,2.8079
27.12.2018,2.7666
28.12.2018,2.7182
31.12.2018,2.6842
01.01.2019,2.6842
02.01.2019,2.6204
03.01.2019,2.5535
04.01.2019,2.6677
07.01.2019,2.696
08.01.2019,2.728
09.01.2019,2.71
10.01.2019,2.7421
11.01.2019,2.7007
14.01.2019,2.7024
15.01.2019,2.7112
16.01.2019,2.7218
17.01.2019,2.7504
18.01.2019,2.7842
21.01.2019,2.7842
22.01.2019,2.7392
23.01.2019,2.7409
24.01.2019,2.7157
25.01.2019,2.7585
28.01.2019,2.744
29.01.2019,2.7098
30.01.2019,2.6775
31.01.2019,2.6293
01.02.2019,2.6842
04.02.2019,2.7235
05.02.2019,2.6983
06.02.2019,2.6946
07.02.2019,2.6572
08.02.2019,2.6339
11.02.2019,2.6536
12.02.2019,2.6877
13.02.2019,2.7021
14.02.2019,2.6536
15.02.2019,2.6626
18.02.2019,2.6626
19.02.2019,2.6339
20.02.2019,2.6447
21.02.2019,2.6914
22.02.2019,2.6518
25.02.2019,2.6626
26.02.2019,2.6357
27.02.2019,2.6825
28.02.2019,2.715
01.03.2019,2.7531
04.03.2019,2.7223
05.03.2019,2.7169
06.03.2019,2.6934
07.03.2019,2.6393
08.03.2019,2.6285
11.03.2019,2.6393
12.03.2019,2.6015
13.03.2019,2.6213
14.03.2019,2.6303
15.03.2019,2.5871
18.03.2019,2.6033
19.03.2019,2.6123
20.03.2019,2.5263
21.03.2019,2.5369
22.03.2019,2.439
25.03.2019,2.3983
26.03.2019,2.423
27.03.2019,2.3665
28.03.2019,2.3946
29.03.2019,2.405
01.04.2019,2.5009
02.04.2019,2.4741
03.04.2019,2.5241
04.04.2019,2.5151
05.04.2019,2.4954
08.04.2019,2.5222
09.04.2019,2.5006
10.04.2019,2.4649
11.04.2019,2.497
12.04.2019,2.5651
15.04.2019,2.5543
16.04.2019,2.5904
17.04.2019,2.594
18.04.2019,2.5596
19.04.2019,2.5596
22.04.2019,2.5885
23.04.2019,2.565
24.04.2019,2.5181
25.04.2019,2.5325
26.04.2019,2.4982
29.04.2019,2.5252
30.04.2019,2.5018
01.05.2019,2.4999
02.05.2019,2.5414
03.05.2019,2.525
06.05.2019,2.4692
07.05.2019,2.4566
08.05.2019,2.4835
09.05.2019,2.4423
10.05.2019,2.4672
13.05.2019,2.4015
14.05.2019,2.4104
15.05.2019,2.3732
16.05.2019,2.3944
17.05.2019,2.3909
20.05.2019,2.4157
21.05.2019,2.4264
22.05.2019,2.382
23.05.2019,2.3185
24.05.2019,2.3202
27.05.2019,2.3202
28.05.2019,2.2658
29.05.2019,2.2605
30.05.2019,2.2133
31.05.2019,2.1246
03.06.2019,2.071
04.06.2019,2.1296
05.06.2019,2.1348
06.06.2019,2.1174
07.06.2019,2.0809
10.06.2019,2.1484
11.06.2019,2.1431
12.06.2019,2.1205
13.06.2019,2.0945
14.06.2019,2.0804
17.06.2019,2.0942
18.06.2019,2.0595
19.06.2019,2.0233
20.06.2019,2.0284
21.06.2019,2.054
24.06.2019,2.0143
25.06.2019,1.985
26.06.2019,2.0468
27.06.2019,2.014
28.06.2019,2.0051
01.07.2019,2.024
02.07.2019,1.974
03.07.2019,1.9498
04.07.2019,1.9498
05.07.2019,2.0338
08.07.2019,2.0476
09.07.2019,2.0648
10.07.2019,2.0613
11.07.2019,2.1378
12.07.2019,2.1219
15.07.2019,2.0887
16.07.2019,2.1026
17.07.2019,2.0451
18.07.2019,2.0242
19.07.2019,2.0552
22.07.2019,2.0464
23.07.2019,2.0812
24.07.2019,2.0428
25.07.2019,2.081
26.07.2019,2.0703
29.07.2019,2.065
30.07.2019,2.058
31.07.2019,2.0144
01.08.2019,1.8935
02.08.2019,1.8452
05.08.2019,1.7075
06.08.2019,1.7023
07.08.2019,1.7342
08.08.2019,1.7172
09.08.2019,1.7447
12.08.2019,1.6454
13.08.2019,1.7035
14.08.2019,1.5792
15.08.2019,1.5269
16.08.2019,1.5538
19.08.2019,1.6063
20.08.2019,1.5555
21.08.2019,1.5893
22.08.2019,1.6131
23.08.2019,1.5351
26.08.2019,1.5351
27.08.2019,1.4711
28.08.2019,1.4794
29.08.2019,1.4945
30.08.2019,1.4961
02.09.2019,1.4961
03.09.2019,1.4573
04.09.2019,1.4657
05.09.2019,1.5586
06.09.2019,1.5602
09.09.2019,1.6438
10.09.2019,1.7316
11.09.2019,1.7385
12.09.2019,1.7715
13.09.2019,1.8958
16.09.2019,1.8467
17.09.2019,1.8013
18.09.2019,1.7961
19.09.2019,1.784
20.09.2019,1.7215
23.09.2019,1.7267
24.09.2019,1.6456
25.09.2019,1.7372
26.09.2019,1.6921
27.09.2019,1.6801
30.09.2019,1.6646
01.10.2019,1.6353
02.10.2019,1.5992
03.10.2019,1.5341
04.10.2019,1.529
07.10.2019,1.558
08.10.2019,1.5289
09.10.2019,1.5836
10.10.2019,1.6681
11.10.2019,1.729
14.10.2019,1.729
15.10.2019,1.771
16.10.2019,1.7395
17.10.2019,1.7518
18.10.2019,1.7536
21.10.2019,1.7993
22.10.2019,1.7607
23.10.2019,1.7642
24.10.2019,1.766
25.10.2019,1.7943
28.10.2019,1.842
29.10.2019,1.8385
30.10.2019,1.7715
31.10.2019,1.691
01.11.2019,1.7103
04.11.2019,1.777
05.11.2019,1.8584
06.11.2019,1.8283
07.11.2019,1.9173
08.11.2019,1.9417
11.11.2019,1.9417
12.11.2019,1.9347
13.11.2019,1.886
14.11.2019,1.8186
15.11.2019,1.8308
18.11.2019,1.8153
19.11.2019,1.7826
20.11.2019,1.7449
21.11.2019,1.7723
22.11.2019,1.7706
25.11.2019,1.7551
26.11.2019,1.7414
27.11.2019,1.7654
28.11.2019,1.7654
29.11.2019,1.7758
02.12.2019,1.8189
03.12.2019,1.7157
04.12.2019,1.774
05.12.2019,1.8103
06.12.2019,1.8363
09.12.2019,1.819
10.12.2019,1.8416
11.12.2019,1.7914
12.12.2019,1.8922
13.12.2019,1.8226
16.12.2019,1.8713
17.12.2019,1.8801
18.12.2019,1.9169
19.12.2019,1.9204
20.12.2019,1.9171
23.12.2019,1.9294
24.12.2019,1.8996
25.12.2019,1.8996
26.12.2019,1.8944
27.12.2019,1.8752
30.12.2019,1.8788
31.12.2019,1.9175
01.01.2020,1.9175
02.01.2020,1.8771
03.01.2020,1.7881
06.01.2020,1.809
07.01.2020,1.8177
08.01.2020,1.8738
09.01.2020,1.8545
10.01.2020,1.8196
13.01.2020,1.8459
14.01.2020,1.8109
15.01.2020,1.783
16.01.2020,1.8074
17.01.2020,1.8215
20.01.2020,1.8215
21.01.2020,1.7743
22.01.2020,1.7691
23.01.2020,1.7325
24.01.2020,1.6839
27.01.2020,1.608
28.01.2020,1.6562
29.01.2020,1.5839
30.01.2020,1.5856
31.01.2020,1.5068
03.02.2020,1.5272
04.02.2020,1.5991
05.02.2020,1.6508
06.02.2020,1.6422
07.02.2020,1.5834
10.02.2020,1.5696
11.02.2020,1.6006
12.02.2020,1.6333
13.02.2020,1.6173
14.02.2020,1.5848
17.02.2020,1.5848
18.02.2020,1.561
19.02.2020,1.5661
20.02.2020,1.5152
21.02.2020,1.4713
24.02.2020,1.3705
25.02.2020,1.3521
26.02.2020,1.3371
27.02.2020,1.2607
28.02.2020,1.1486
02.03.2020,1.1632
03.03.2020,0.999
04.03.2020,1.0522
05.03.2020,0.912
06.03.2020,0.7623
09.03.2020,0.5407
10.03.2020,0.803
11.03.2020,0.8695
12.03.2020,0.8042
13.03.2020,0.9603
16.03.2020,0.7182
17.03.2020,1.0784
18.03.2020,1.1915
19.03.2020,1.1404
20.03.2020,0.8454
23.03.2020,0.7863
24.03.2020,0.8466
25.03.2020,0.8673
26.03.2020,0.8447
27.03.2020,0.6746
30.03.2020,0.7264
31.03.2020,0.6695
01.04.2020,0.5832
02.04.2020,0.597
03.04.2020,0.5948
06.04.2020,0.6698
07.04.2020,0.7122
08.04.2020,0.7722
09.04.2020,0.7191
10.04.2020,0.7191
13.04.2020,0.7713
14.04.2020,0.752
15.04.2020,0.6316
16.04.2020,0.6267
17.04.2020,0.6417
20.04.2020,0.6053
21.04.2020,0.5691
22.04.2020,0.619
23.04.2020,0.6015
24.04.2020,0.6008
27.04.2020,0.6605
28.04.2020,0.6129
29.04.2020,0.6269
30.04.2020,0.6393
01.05.2020,0.6118
04.05.2020,0.6336
05.05.2020,0.6619
06.05.2020,0.703
07.05.2020,0.6409
08.05.2020,0.6831
11.05.2020,0.7099
12.05.2020,0.6651
13.05.2020,0.6525
14.05.2020,0.6218
15.05.2020,0.6428
18.05.2020,0.7257
19.05.2020,0.6882
20.05.2020,0.6801
21.05.2020,0.672
22.05.2020,0.6591
25.05.2020,0.6591
26.05.2020,0.6965
27.05.2020,0.6819
28.05.2020,0.69
29.05.2020,0.6526
01.06.2020,0.6591
02.06.2020,0.6852
03.06.2020,0.7458
04.06.2020,0.8234
05.06.2020,0.8951
08.06.2020,0.8752
09.06.2020,0.8253
10.06.2020,0.7263
11.06.2020,0.669
12.06.2020,0.7034
15.06.2020,0.7215
16.06.2020,0.7528
17.06.2020,0.738
18.06.2020,0.7084
19.06.2020,0.6937
22.06.2020,0.7085
23.06.2020,0.7118
24.06.2020,0.679
25.06.2020,0.6856
26.06.2020,0.6413
29.06.2020,0.6234
30.06.2020,0.6561
01.07.2020,0.6758
02.07.2020,0.6693
03.07.2020,0.6693
06.07.2020,0.6759
07.07.2020,0.6397
08.07.2020,0.6644
09.07.2020,0.6135
10.07.2020,0.6447
13.07.2020,0.6184
14.07.2020,0.6233
15.07.2020,0.6299
16.07.2020,0.6168
17.07.2020,0.6266
20.07.2020,0.6102
21.07.2020,0.6004
22.07.2020,0.5971
23.07.2020,0.5774
24.07.2020,0.5888
27.07.2020,0.6151
28.07.2020,0.579
29.07.2020,0.5741
30.07.2020,0.5462
31.07.2020,0.5282
03.08.2020,0.5543
04.08.2020,0.5069
05.08.2020,0.5477
06.08.2020,0.5362
07.08.2020,0.564
10.08.2020,0.5755
11.08.2020,0.6415
12.08.2020,0.6747
13.08.2020,0.7208
14.08.2020,0.7094
17.08.2020,0.6882
18.08.2020,0.6687
19.08.2020,0.6801
20.08.2020,0.6509
21.08.2020,0.6282
24.08.2020,0.6542
25.08.2020,0.6835
26.08.2020,0.6884
27.08.2020,0.7522
28.08.2020,0.7211
31.08.2020,0.7048
01.09.2020,0.6689
02.09.2020,0.6477
03.09.2020,0.6347
04.09.2020,0.718
07.09.2020,0.718
08.09.2020,0.6788
09.09.2020,0.7001
10.09.2020,0.6772
11.09.2020,0.6658
14.09.2020,0.6723
15.09.2020,0.6789
16.09.2020,0.6969
17.09.2020,0.6887
18.09.2020,0.6937
21.09.2020,0.6658
22.09.2020,0.6708
23.09.2020,0.6724
24.09.2020,0.6659
25.09.2020,0.6544
28.09.2020,0.6528
29.09.2020,0.6495
30.09.2020,0.684
01.10.2020,0.6774
02.10.2020,0.7005
05.10.2020,0.7817
06.10.2020,0.7353
07.10.2020,0.7868
08.10.2020,0.7852
09.10.2020,0.7737
12.10.2020,0.7737
13.10.2020,0.7272
14.10.2020,0.7256
15.10.2020,0.7322
16.10.2020,0.7456
19.10.2020,0.769
20.10.2020,0.7857
21.10.2020,0.8226
22.10.2020,0.8562
23.10.2020,0.8429
26.10.2020,0.801
27.10.2020,0.7676
28.10.2020,0.771
29.10.2020,0.823
30.10.2020,0.8737
02.11.2020,0.8434
03.11.2020,0.8993
04.11.2020,0.7629
05.11.2020,0.7629
06.11.2020,0.8185
09.11.2020,0.9235
10.11.2020,0.9595
11.11.2020,0.9753
12.11.2020,0.8815
13.11.2020,0.8963
